pitch_type,start_speed,pfx_x,pfx_z
FF,96.9,3.41,12.48
FF,96.5,1.04,10.39
FF,96.3,0.3,12.16
FF,96.2,2.43,13.07
FF,96.2,0.98,13.09
FF,96.2,4.13,10.28
FF,96,0.98,11.9
FF,96,3.58,13.29
FF,96,2.11,12.09
FF,96,1.34,12.84
FF,95.9,-0.79,9.16
FF,95.9,-0.816,12.132
FF,95.9,1.877,10.397
FF,95.8,0.27,12.85
FF,95.8,0.99,14.42
FF,95.7,1.15,10.97
FF,95.6,0.3,11.08
FF,95.6,0.76,12.47
FF,95.6,4.82,11.35
FF,95.5,0.54,13.199
FF,95.5,-0.24,12.4
FF,95.5,2.2,12.48
FF,95.5,-1.1,10.7
FF,95.5,0.28,13.73
FF,95.5,3.24,9.48
FF,95.5,2.13,13.84
FF,95.5,1.81,12.54
FF,95.5,1.97,10.65
FF,95.5,0.27,10.73
FF,95.4,1.62,11.44
FF,95.4,0.797,11.173
FF,95.4,1.61,11
FF,95.4,-0.64,11.01
FF,95.4,-0.296,8.488
FF,95.4,0.015,10.802
FF,95.4,2.228,12.037
FF,95.4,2.936,10.384
FF,95.4,2.194,8.835
FF,95.4,-0.11,9.53
FF,95.3,0.63,12.15
FF,95.3,0.19,10.36
FF,95.3,0.01,12.7
FF,95.3,1.99,12.21
FF,95.3,2.69,14
FF,95.3,0.58,10.54
FF,95.3,1.652,11.887
FF,95.3,0.74,7.99
FF,95.3,0.6,9.3
FF,95.2,2.1,9.73
FF,95.2,-1.93,12.63
FF,95.2,1.22,13.01
FF,95.2,0.77,11.83
FF,95.2,1.17,12.47
FF,95.2,-0.67,11.57
FF,95.2,2.82,14.53
FF,95.2,2.58,11.72
FF,95.2,0.8,11.42
FF,95.2,1.27,8.12
FF,95.2,1.99,11.26
FF,95.2,1.42,9.58
FF,95.1,1.83,10.49
FF,95.1,-0.03,8.12
FF,95.1,-0.98,9.261
FF,95.1,-0.73,11.83
FF,95.1,1.37,12.25
FF,95.1,-0.26,10.12
FF,95.1,1.11,11.995
FF,95.1,3.94,11.12
FF,95.1,3.96,11.38
FF,95.1,0.33,10.88
FF,95.1,1.19,9.4
FF,95.1,1.09,15.6
FF,95.1,2.24,13.84
FF,95.1,4.47,12.217
FF,95.1,0.16,10.82
FF,95.1,-0.26,9.7
FF,95.1,1.29,9.7
FF,95.1,1.69,10.63
FF,95,-0.19,9.7
FF,95,-1.71,10.18
FF,95,1.04,12.3
FF,95,-0.77,11.51
FF,95,-1.02,9.748
FF,95,-0.358,10.452
FF,95,0.18,10.42
FF,95,2.07,12.04
FF,95,0,12.13
FF,95,-1.66,14.22
FF,95,0.41,11.47
FF,95,2.002,9.789
FF,95,3.68,11.12
FF,95,0.13,13.2
FF,95,3.32,9.58
FF,95,1.7,12.16
FF,95,0.39,12.84
FF,95,0.57,11.91
FF,95,-0.23,10.04
FF,95,-0.42,10.74
FF,95,2.614,11.257
FF,95,3.283,10.604
FF,95,2.009,10.12
FF,95,0.92,11.24
FF,95,1.27,10.85
FF,95,3.04,10.82
FF,95,1.85,10.48
FF,95,1.36,10.77
FF,95,-0.48,12.31
FF,94.9,-0.79,9.09
FF,94.9,-1.34,10.1
FF,94.9,0.225,12.239
FF,94.9,2.13,12.78
FF,94.9,-2.54,13.5
FF,94.9,-0.753,11.011
FF,94.9,0.571,8.225
FF,94.9,2.205,10.246
FF,94.9,3.11,11.8
FF,94.9,3.7,11.69
FF,94.9,0.2,11.78
FF,94.9,-0.97,14.08
FF,94.9,2.18,13.26
FF,94.9,1.58,14.08
FF,94.9,1.67,12.67
FF,94.9,1.51,15.52
FF,94.9,1.6,12.63
FF,94.9,-0.77,15.35
FF,94.9,0.38,11.38
FF,94.9,1.58,14.12
FF,94.9,-2,14.21
FF,94.9,4.608,9.573
FF,94.9,3.093,11.886
FF,94.9,1.29,11.91
FF,94.9,1.72,10.1
FF,94.9,-0.674,13.42
FF,94.9,0.58,10.38
FF,94.9,2.182,13.992
FF,94.9,-2.08,10.7
FF,94.9,1.55,10.53
FF,94.9,0.11,9.54
FF,94.8,0.59,12.44
FF,94.8,0.13,7.94
FF,94.8,0.7,8.86
FF,94.8,-2.793,10.654
FF,94.8,-0.356,10.278
FF,94.8,0.169,10.248
FF,94.8,2,11.46
FF,94.8,0.524,11.912
FF,94.8,-0.597,10.768
FF,94.8,2.628,9.068
FF,94.8,2.04,10.97
FF,94.8,3.85,12.09
FF,94.8,2.25,10.2
FF,94.8,-0.99,9.61
FF,94.8,2.71,15.06
FF,94.8,1.41,14.26
FF,94.8,-0.44,12
FF,94.8,4.02,14.46
FF,94.8,3.04,12.47
FF,94.8,1.14,12.6
FF,94.8,-0.78,11.61
FF,94.8,1.546,10.895
FF,94.8,1.554,11.193
FF,94.8,1.554,11.193
FF,94.8,2.128,11.718
FF,94.8,3.407,12.869
FF,94.8,3.075,9.379
FF,94.8,-0.22,9.43
FF,94.8,-0.012,8.847
FF,94.8,-1.007,11.531
FF,94.8,2.56,11.31
FF,94.8,0.9,8.68
FF,94.8,0.53,10.5
FF,94.8,-0.33,9.7
FF,94.8,1,13.87
FF,94.8,1.27,9.49
FF,94.8,2.425,14.15
FF,94.8,1.08,11.302
FF,94.8,0.54,10.84
FF,94.8,-1.52,11.45
FF,94.8,1.86,7.49
FF,94.8,-0.16,11.09
FF,94.8,0.86,9.86
FF,94.7,-1.3,13.2
FF,94.7,-0.09,9.66
FF,94.7,1.94,10.11
FF,94.7,0.34,8.63
FF,94.7,1.61,9.17
FF,94.7,0.654,11.4
FF,94.7,0.897,12.361
FF,94.7,-1.32,11.277
FF,94.7,-3.395,8.202
FF,94.7,2.4,12.77
FF,94.7,2.14,12.53
FF,94.7,2.78,11.01
FF,94.7,0.99,12.26
FF,94.7,-0.69,12.54
FF,94.7,1.29,11
FF,94.7,3.19,11.51
FF,94.7,1.642,11.565
FF,94.7,1.046,14.208
FF,94.7,-0.104,12.376
FF,94.7,-0.816,10.152
FF,94.7,2.003,11.258
FF,94.7,2.075,12.261
FF,94.7,-0.09,12.71
FF,94.7,2.19,10.77
FF,94.7,0.98,11.42
FF,94.7,3.05,11.3
FF,94.7,0.33,13.12
FF,94.7,2.57,12.03
FF,94.7,2.57,12.03
FF,94.7,-0.51,9.55
FF,94.7,2.19,9.73
FF,94.7,-1.27,12.51
FF,94.7,-2.21,13.31
FF,94.7,0.75,9.58
FF,94.7,2.97,11.05
FF,94.7,1.43,10.98
FF,94.7,0.48,13.97
FF,94.7,0.51,11.86
FF,94.7,-0.23,12.18
FF,94.7,-0.27,9.84
FF,94.7,0.97,11.73
FF,94.7,2.809,11.636
FF,94.7,3.654,10.779
FF,94.7,3.654,10.779
FF,94.7,3.06,9.04
FF,94.7,0.1,8.26
FF,94.7,0.72,9.55
FF,94.7,-0.2,10.8
FF,94.7,3,10.27
FF,94.7,3.02,13.49
FF,94.7,0.95,11.43
FF,94.7,2.05,11.9
FF,94.7,-0.76,11.8
FF,94.7,1.32,12.3
FF,94.7,1.955,11.921
FF,94.7,1.366,13.981
FF,94.7,1.183,10.508
FF,94.7,0.74,8.09
FF,94.7,0.74,9.48
FF,94.6,-2.39,9.02
FF,94.6,1.476,9.975
FF,94.6,1.387,9.247
FF,94.6,-0.373,12.212
FF,94.6,-1.412,12.051
FF,94.6,0.06,13.56
FF,94.6,0.17,10.94
FF,94.6,0.212,13.38
FF,94.6,2.89,10.35
FF,94.6,0,11.55
FF,94.6,-0.49,10.51
FF,94.6,-0.56,12.76
FF,94.6,-1.62,11.48
FF,94.6,2.24,13.84
FF,94.6,2.59,13.54
FF,94.6,0.17,10.86
FF,94.6,1.88,10.92
FF,94.6,0.04,13.03
FF,94.6,3.63,13.99
FF,94.6,2.49,9.3
FF,94.6,0.47,10.89
FF,94.6,-0.428,11.146
FF,94.6,2.978,11.399
FF,94.6,4.042,10.543
FF,94.6,1.826,9.408
FF,94.6,1.17,10.1
FF,94.6,1.64,10.29
FF,94.6,0.34,11.48
FF,94.6,3.19,10.38
FF,94.6,1.81,9.24
FF,94.6,-0.342,13.308
FF,94.6,0.21,9.93
FF,94.6,0.31,10.34
FF,94.6,2.59,10.12
FF,94.6,1.01,9.08
FF,94.6,2.93,10.73
FF,94.6,0.28,7.97
FF,94.6,0.01,10.3
FF,94.6,0.05,10.59
FF,94.6,0.22,10.45
FF,94.6,1.05,9.19
FF,94.6,0.77,10.94
FF,94.5,0.85,10.47
FF,94.5,1.8,12.7
FF,94.5,1.01,10.49
FF,94.5,-1,9.84
FF,94.5,-1.291,10.274
FF,94.5,2.57,10.53
FF,94.5,-0.37,11.44
FF,94.5,-1.6,12.42
FF,94.5,0.93,10.89
FF,94.5,-0.08,10.91
FF,94.5,0.761,13.396
FF,94.5,2.454,9.209
FF,94.5,0.766,10.114
FF,94.5,1.962,11.19
FF,94.5,0.591,13.345
FF,94.5,0.82,12.02
FF,94.5,2.45,11.51
FF,94.5,1.66,12.16
FF,94.5,3.55,15.04
FF,94.5,1.13,12.32
FF,94.5,2.43,9.32
FF,94.5,0.1,13.07
FF,94.5,0.58,12.6
FF,94.5,0.99,12.16
FF,94.5,-0.58,13.6
FF,94.5,0.12,9.71
FF,94.5,2.03,13.06
FF,94.5,-0.12,11.56
FF,94.5,0.9,13.22
FF,94.5,1.57,9.99
FF,94.5,1.37,10.63
FF,94.5,2.653,9.925
FF,94.5,2.653,9.925
FF,94.5,2.639,9.896
FF,94.5,-0.17,8.91
FF,94.5,0.24,9.63
FF,94.5,0.77,10.73
FF,94.5,1.3,10.41
FF,94.5,1.08,11.17
FF,94.5,2.12,9.64
FF,94.5,-0.596,12.777
FF,94.5,-0.85,11.6
FF,94.5,-1.06,12.05
FF,94.5,0.94,10.38
FF,94.5,-2.52,11.08
FF,94.5,0.03,10.03
FF,94.5,1.398,12.038
FF,94.5,3.772,13.005
FF,94.5,3.442,12.319
FF,94.5,-0.64,9.77
FF,94.5,0.14,11.94
FF,94.5,-2.03,8.63
FF,94.4,-0.6,7.54
FF,94.4,0.996,12.19
FF,94.4,0.873,12.82
FF,94.4,1.15,13.47
FF,94.4,-0.32,12.47
FF,94.4,-1.11,11.88
FF,94.4,3.23,12.91
FF,94.4,1.13,9.31
FF,94.4,4.41,10.9
FF,94.4,2.181,11.178
FF,94.4,1.519,9.14
FF,94.4,1.278,10.607
FF,94.4,2.017,11.576
FF,94.4,2.133,11.305
FF,94.4,1.3,8.03
FF,94.4,1.03,11.38
FF,94.4,2.64,11.29
FF,94.4,6.21,15.28
FF,94.4,-2.77,9.9
FF,94.4,2.02,9.22
FF,94.4,-0.37,11.23
FF,94.4,3.52,13.34
FF,94.4,1.8,14.92
FF,94.4,1.61,12.49
FF,94.4,3.54,12.45
FF,94.4,-0.16,10.79
FF,94.4,0.8,11.06
FF,94.4,0.89,10.16
FF,94.4,0.87,11.29
FF,94.4,1.02,11.28
FF,94.4,0.76,10.9
FF,94.4,5.583,8.442
FF,94.4,5.193,10.65
FF,94.4,2.326,11.353
FF,94.4,4.319,12.603
FF,94.4,4.275,10.974
FF,94.4,5.152,11.705
FF,94.4,5.152,11.705
FF,94.4,5.183,9.586
FF,94.4,0.9,11.05
FF,94.4,1.39,9.13
FF,94.4,0.97,10.3
FF,94.4,-1.03,11.08
FF,94.4,-0.12,12.74
FF,94.4,1.56,11.48
FF,94.4,1.01,10.97
FF,94.4,1.75,8.93
FF,94.4,0,11.87
FF,94.4,-0.64,11.08
FF,94.4,2.41,9.68
FF,94.4,0.7,12.314
FF,94.4,0.763,10.012
FF,94.4,-0.447,12.581
FF,94.4,2.426,11.724
FF,94.4,-1.34,9.77
FF,94.4,-0.13,11.16
FF,94.4,-0.83,10.6
FF,94.4,-0.69,11.03
FF,94.4,0.36,9.13
FF,94.4,-1.02,9.58
FF,94.4,1.77,9.96
FF,94.4,0.01,14.47
FF,94.4,-0.2,9.91
FF,94.4,1.5,10.9
FF,94.3,-0.79,10.33
FF,94.3,-1.07,10.39
FF,94.3,0.62,13.03
FF,94.3,1.71,10.41
FF,94.3,0.88,8.4
FF,94.3,0.91,12.71
FF,94.3,1.451,10.015
FF,94.3,0.39,13.23
FF,94.3,-0.32,10.04
FF,94.3,2.33,14.42
FF,94.3,-0.15,9.06
FF,94.3,2.04,8.98
FF,94.3,-0.57,9.15
FF,94.3,1.07,13
FF,94.3,2.694,11.985
FF,94.3,-1.563,11.569
FF,94.3,1.976,12.777
FF,94.3,2.523,10.834
FF,94.3,1.669,12.399
FF,94.3,1.82,10.49
FF,94.3,0.49,11.27
FF,94.3,-1.98,10.94
FF,94.3,0.19,10.43
FF,94.3,1.58,12.21
FF,94.3,0.29,10.47
FF,94.3,-0.98,11.25
FF,94.3,-0.53,9.89
FF,94.3,-2.57,11.83
FF,94.3,-0.93,12.38
FF,94.3,-0.56,9.58
FF,94.3,1.39,12.91
FF,94.3,2.22,11.4
FF,94.3,1.26,10.71
FF,94.3,0.75,13.74
FF,94.3,1.88,11.79
FF,94.3,4.32,9.092
FF,94.3,2.597,10.799
FF,94.3,2.597,10.799
FF,94.3,4.523,12.478
FF,94.3,1.009,10.116
FF,94.3,-0.38,8.1
FF,94.3,-0.9,11.15
FF,94.3,-1.48,13.868
FF,94.3,1.58,8.62
FF,94.3,1.52,11.04
FF,94.3,1.08,11.24
FF,94.3,-0.32,13.96
FF,94.3,0.81,8.25
FF,94.3,0.478,12.338
FF,94.3,0.45,11.75
FF,94.3,0.14,7.65
FF,94.3,-0.19,10.42
FF,94.3,-1.22,8.51
FF,94.3,2.39,9.18
FF,94.3,-1.11,11.83
FF,94.3,0.64,12
FF,94.2,1.73,8.75
FF,94.2,0.49,9.06
FF,94.2,0.11,11.15
FF,94.2,0.61,11.42
FF,94.2,1.6,8.38
FF,94.2,1,8.71
FF,94.2,0.31,11.26
FF,94.2,0.66,11.58
FF,94.2,0.72,10.726
FF,94.2,0.148,10.289
FF,94.2,1.09,9.55
FF,94.2,1.15,12.66
FF,94.2,7.46,11.93
FF,94.2,0.931,10.151
FF,94.2,1.239,11.707
FF,94.2,-1.252,11.283
FF,94.2,-0.587,8.442
FF,94.2,0.521,12.768
FF,94.2,3.018,12.84
FF,94.2,-0.535,11.396
FF,94.2,1.439,11.587
FF,94.2,0.434,10.064
FF,94.2,1.37,13.3
FF,94.2,0.63,9.24
FF,94.2,-0.55,12.51
FF,94.2,-0.07,10.56
FF,94.2,2.08,12.68
FF,94.2,-1.58,12.81
FF,94.2,0.64,12.94
FF,94.2,1.16,13.94
FF,94.2,0.29,13.54
FF,94.2,0.33,11.96
FF,94.2,-0.4,11.19
FF,94.2,1.404,13.345
FF,94.2,4.033,11.338
FF,94.2,0.33,7.48
FF,94.2,0.09,9.65
FF,94.2,-1.39,6.92
FF,94.2,0.77,10.98
FF,94.2,-1.39,8.43
FF,94.2,-1.17,10.5
FF,94.2,-0.018,11.93
FF,94.2,0.45,10.21
FF,94.2,1.97,12.4
FF,94.2,-0.23,10.23
FF,94.2,1.86,11.57
FF,94.2,2.99,11.13
FF,94.2,-0.29,12.2
FF,94.2,0.34,13.38
FF,94.2,2.35,10.17
FF,94.2,-0.15,12.74
FF,94.2,0.39,12.68
FF,94.2,-0.82,11.91
FF,94.2,0.566,10.914
FF,94.2,1.68,11.465
FF,94.2,1.283,13.469
FF,94.2,-0.6,8.83
FF,94.2,0.91,9.78
FF,94.2,0.63,11.96
FF,94.2,-1.29,9.91
FF,94.2,-1.23,10.43
FF,94.2,1.53,10.55
FF,94.1,0.37,10.68
FF,94.1,1.27,7.72
FF,94.1,-0.91,10.74
FF,94.1,0.5,11.76
FF,94.1,-0.65,12.16
FF,94.1,-0.66,10.05
FF,94.1,-0.73,8.53
FF,94.1,0.259,9.87
FF,94.1,0.93,12.92
FF,94.1,2.08,10.33
FF,94.1,-1.49,11.99
FF,94.1,-0.35,10.45
FF,94.1,1.16,10.34
FF,94.1,0.07,14.5
FF,94.1,0.64,9.25
FF,94.1,4.63,13.13
FF,94.1,1.687,10.592
FF,94.1,0.6,11.528
FF,94.1,2.311,12.68
FF,94.1,1.072,11.204
FF,94.1,0.04,12.69
FF,94.1,-1.57,12.5
FF,94.1,0.69,11.5
FF,94.1,1.11,12.56
FF,94.1,-0.33,13.63
FF,94.1,2.91,12.94
FF,94.1,1.42,10.94
FF,94.1,2.38,10.18
FF,94.1,1.16,11.83
FF,94.1,0.3,13.09
FF,94.1,2.78,11.38
FF,94.1,3.17,12.48
FF,94.1,-0.25,10.46
FF,94.1,0.05,12.46
FF,94.1,-0.63,10.83
FF,94.1,1.73,9.99
FF,94.1,3.27,12.8
FF,94.1,-0.12,12.62
FF,94.1,-0.37,8.37
FF,94.1,1.74,14.92
FF,94.1,3.26,11.43
FF,94.1,2.75,14.33
FF,94.1,-0.08,10.48
FF,94.1,-1.52,10.24
FF,94.1,2.846,10.856
FF,94.1,2.846,10.856
FF,94.1,2.132,11.65
FF,94.1,4.579,10.026
FF,94.1,1.526,9.678
FF,94.1,-0.52,10.15
FF,94.1,-2.64,10.16
FF,94.1,0.2,8.74
FF,94.1,-0.139,8.708
FF,94.1,-0.538,10.224
FF,94.1,0.371,12.687
FF,94.1,1.32,12.25
FF,94.1,3.07,11.28
FF,94.1,0.33,9.84
FF,94.1,2.65,10.68
FF,94.1,-0.99,8.44
FF,94.1,2.642,11.361
FF,94.1,-0.73,9.44
FF,94.1,0.03,10.75
FF,94.1,-0.34,10.57
FF,94.1,-0.22,9.9
FF,94.1,-2.45,10.1
FF,94.1,-0.03,10.43
FF,94.1,1.67,12.3
FF,94.1,0.91,8.27
FF,94.1,1.26,11.3
FF,94.1,-0.34,8.32
FF,94,1.22,8.53
FF,94,0.44,8.32
FF,94,-1.92,9.19
FF,94,1.83,9.88
FF,94,0.45,11.14
FF,94,1.77,7.891
FF,94,-1.994,9.63
FF,94,2.15,8.778
FF,94,-0.972,9.739
FF,94,1.42,14.09
FF,94,2.39,13.57
FF,94,-1.05,10.25
FF,94,0.68,10.13
FF,94,1.13,12.44
FF,94,-1.24,11.09
FF,94,0.88,11.44
FF,94,0.1,10.94
FF,94,2.48,11.14
FF,94,4.31,9.4
FF,94,5.89,10.84
FF,94,0.344,12.107
FF,94,-2.47,11.76
FF,94,1.686,11.866
FF,94,0.904,12.779
FF,94,1.247,12.108
FF,94,-1.9,10.9
FF,94,-1.22,11.94
FF,94,-0.98,10.21
FF,94,0.31,12.29
FF,94,2.44,10.89
FF,94,3.73,10.97
FF,94,4.12,14.04
FF,94,-0.21,10.84
FF,94,-0.21,10.84
FF,94,5.34,10.77
FF,94,5.34,10.77
FF,94,4.7,9.99
FF,94,4.7,9.99
FF,94,4.38,10.16
FF,94,4.38,10.16
FF,94,2.34,12.22
FF,94,0.63,8.89
FF,94,2.82,12.58
FF,94,1.11,9.6
FF,94,3.9,14.56
FF,94,2.68,14.45
FF,94,3.32,12.05
FF,94,1,10.5
FF,94,0.76,11.53
FF,94,-1.19,12.92
FF,94,2.11,9.07
FF,94,2.18,13.91
FF,94,0.5,11.2
FF,94,2.516,10.538
FF,94,1.25,10.5
FF,94,-0.29,7.12
FF,94,1.366,9.772
FF,94,-0.163,12.648
FF,94,0.041,12.457
FF,94,-1.221,15.404
FF,94,-0.17,10.47
FF,94,-0.26,9.16
FF,94,0.82,10.79
FF,94,0.49,10.52
FF,94,-0.21,11.5
FF,94,2.92,10.48
FF,94,-0.47,10.05
FF,94,-0.29,11.64
FF,94,-0.15,10.84
FF,94,-2.33,8.68
FF,94,-2.48,10.21
FF,94,0.187,13.055
FF,94,-1.18,9.32
FF,94,-0.34,12.49
FF,94,-1.3,12.6
FF,94,-0.23,11.54
FF,94,-2.61,9.76
FF,94,1.75,9.51
FF,94,0.03,8.61
FF,94,0.8,9.26
FF,94,2.19,8.31
FF,94,2.05,12.37
FF,93.9,2.12,10.1
FF,93.9,1.48,14.33
FF,93.9,3.23,11.54
FF,93.9,1.44,11.44
FF,93.9,-0.52,9.59
FF,93.9,0.1,12.34
FF,93.9,1.9,11.52
FF,93.9,0.89,9.81
FF,93.9,2.077,10.786
FF,93.9,-1.766,9.623
FF,93.9,-0.812,9.58
FF,93.9,-1.867,11.505
FF,93.9,1.597,12.581
FF,93.9,0.59,13.43
FF,93.9,-1.3,11.19
FF,93.9,1.75,13.72
FF,93.9,0.9,14.75
FF,93.9,1.43,10.71
FF,93.9,1.2,12.98
FF,93.9,0.35,11.36
FF,93.9,2.29,12.13
FF,93.9,-0.09,9.45
FF,93.9,3.19,10.52
FF,93.9,6.16,10.96
FF,93.9,3.5,13.32
FF,93.9,3.1,12.83
FF,93.9,2.248,11.18
FF,93.9,0.952,12.632
FF,93.9,1.95,9.3
FF,93.9,2.62,10.59
FF,93.9,3.08,10.88
FF,93.9,3.54,12.36
FF,93.9,2.21,11.07
FF,93.9,3.99,11.55
FF,93.9,0.98,12.2
FF,93.9,3.24,11
FF,93.9,3.24,11
FF,93.9,-0.38,10.63
FF,93.9,0.98,11.25
FF,93.9,1.17,12.18
FF,93.9,-1.79,11.3
FF,93.9,2.77,11.07
FF,93.9,-1.54,11.25
FF,93.9,1.13,8.29
FF,93.9,2.2,14.71
FF,93.9,-0.24,8.57
FF,93.9,-0.08,11.29
FF,93.9,-0.69,12.74
FF,93.9,-1.91,10.65
FF,93.9,2.22,13.21
FF,93.9,2.37,12.67
FF,93.9,2.97,12.56
FF,93.9,1.49,11.22
FF,93.9,2.08,10.35
FF,93.9,-0.37,12.89
FF,93.9,-1.21,10.49
FF,93.9,0.94,12.37
FF,93.9,2.454,10.35
FF,93.9,3.714,9.242
FF,93.9,3.714,9.242
FF,93.9,2.952,11.379
FF,93.9,1.241,9.801
FF,93.9,3.287,12.262
FF,93.9,0.77,9.2
FF,93.9,2.57,9.74
FF,93.9,1.6,7.89
FF,93.9,-0.342,10.819
FF,93.9,-1.791,9.765
FF,93.9,-1.203,7.81
FF,93.9,0.245,15.075
FF,93.9,0.768,12.114
FF,93.9,0.836,11.096
FF,93.9,0.618,11.855
FF,93.9,3.69,10.26
FF,93.9,1.94,10.88
FF,93.9,1.04,7.75
FF,93.9,0.78,11.41
FF,93.9,3.27,10.59
FF,93.9,2.4,11.6
FF,93.9,1.43,12.19
FF,93.9,0.02,11.67
FF,93.9,0.66,10.09
FF,93.9,0.24,12.44
FF,93.9,-0.27,10.59
FF,93.9,1.668,11.79
FF,93.9,1.67,12.537
FF,93.9,-0.17,10.37
FF,93.9,0,11.23
FF,93.9,2.5,11.71
FF,93.9,-0.42,10.73
FF,93.9,0.85,12.06
FF,93.9,-0.07,9.3
FF,93.9,2.67,8.92
FF,93.9,-0.81,11.62
FF,93.9,-0.03,12.65
FF,93.9,-1.88,9.83
FF,93.9,-0.11,11.15
FF,93.9,3.1,11.14
FF,93.8,1.89,10.46
FF,93.8,0.81,12.95
FF,93.8,-0.53,8.03
FF,93.8,-1.27,11.42
FF,93.8,-1.13,8.393
FF,93.8,-0.899,11.219
FF,93.8,0.87,12.65
FF,93.8,-0.96,13.46
FF,93.8,0.09,13.62
FF,93.8,1.79,9.15
FF,93.8,0.18,9.33
FF,93.8,1.61,9.42
FF,93.8,2.19,13.74
FF,93.8,4.81,12.01
FF,93.8,0.58,9.41
FF,93.8,0.582,9.405
FF,93.8,2.084,13.252
FF,93.8,0.136,9.09
FF,93.8,0.787,12.052
FF,93.8,3.098,11.743
FF,93.8,0.43,10.63
FF,93.8,1.27,10.76
FF,93.8,0.93,14.38
FF,93.8,3.35,11.61
FF,93.8,1.57,10.5
FF,93.8,5.19,10.02
FF,93.8,5.19,10.02
FF,93.8,0.28,11.68
FF,93.8,0.9,10.04
FF,93.8,-1.62,10.56
FF,93.8,0.35,11.5
FF,93.8,0.31,10.33
FF,93.8,0.03,9.76
FF,93.8,-0.36,9.48
FF,93.8,1.21,11.95
FF,93.8,1.56,10.96
FF,93.8,-1.49,9.73
FF,93.8,2.09,13.69
FF,93.8,2.74,12.22
FF,93.8,1.97,13.51
FF,93.8,4.2,13.97
FF,93.8,-1.23,11.14
FF,93.8,-2.11,10.54
FF,93.8,0.67,11.23
FF,93.8,1.9,11.4
FF,93.8,-0.88,11.13
FF,93.8,1.35,11.06
FF,93.8,4.269,10.667
FF,93.8,1.247,11.064
FF,93.8,1.247,11.064
FF,93.8,3.12,9.83
FF,93.8,0.06,12.18
FF,93.8,2.21,10.76
FF,93.8,-0.146,11.702
FF,93.8,-2.173,10.638
FF,93.8,-0.536,14.118
FF,93.8,-2.292,11.709
FF,93.8,0.028,12.941
FF,93.8,-2.635,12.023
FF,93.8,2.06,11.57
FF,93.8,2.26,9.59
FF,93.8,0.05,12.3
FF,93.8,3.06,12.83
FF,93.8,-1.39,9.29
FF,93.8,-0.042,8.933
FF,93.8,0.154,11.51
FF,93.8,0.62,10.534
FF,93.8,0.298,12.878
FF,93.8,0.448,12.844
FF,93.8,1.407,13.984
FF,93.8,4.386,11.841
FF,93.8,-2.01,10.8
FF,93.8,-0.76,9.04
FF,93.8,0.11,8.53
FF,93.8,0.34,8.78
FF,93.8,3.48,13.58
FF,93.8,0.1,11.3
FF,93.7,-0.67,10.53
FF,93.7,-0.42,10.95
FF,93.7,-0.85,11.42
FF,93.7,-0.25,12.08
FF,93.7,0.26,10.15
FF,93.7,4.69,10.95
FF,93.7,4.18,10.39
FF,93.7,-0.5,9.38
FF,93.7,0.83,7.34
FF,93.7,0.05,8.7
FF,93.7,-0.14,11.26
FF,93.7,0.14,11.03
FF,93.7,2.283,9.558
FF,93.7,-1.09,11.54
FF,93.7,-0.58,12.52
FF,93.7,-0.33,11.9
FF,93.7,0.32,12.05
FF,93.7,1.07,9.86
FF,93.7,0.3,10.56
FF,93.7,-1.85,10.75
FF,93.7,5.74,11.65
FF,93.7,3.91,12.34
FF,93.7,6.15,8.78
FF,93.7,2.629,11.753
FF,93.7,3.368,10.183
FF,93.7,3.37,10.18
FF,93.7,-1.313,12.095
FF,93.7,-0.42,10.275
FF,93.7,2.767,12.713
FF,93.7,2.037,12.673
FF,93.7,2.231,10.088
FF,93.7,2.825,11.791
FF,93.7,-0.12,9.26
FF,93.7,3.06,10.45
FF,93.7,2.56,9.73
FF,93.7,0.7,13.53
FF,93.7,3.93,14.32
FF,93.7,0.82,12.15
FF,93.7,3,12.49
FF,93.7,2.72,11.82
FF,93.7,4.69,14.6
FF,93.7,-1.11,13
FF,93.7,-1.64,9.1
FF,93.7,-0.06,12.42
FF,93.7,1.26,9.43
FF,93.7,2.35,14.16
FF,93.7,1.74,10.97
FF,93.7,0.26,9.81
FF,93.7,0.21,13.5
FF,93.7,1.793,9.426
FF,93.7,3.956,10.231
FF,93.7,2.36,11.69
FF,93.7,1.9,10.48
FF,93.7,1.506,10.993
FF,93.7,-1.19,13.594
FF,93.7,-0.367,10.405
FF,93.7,-0.842,13.36
FF,93.7,-1.026,10.799
FF,93.7,-1.34,11.85
FF,93.7,3.52,9.19
FF,93.7,1.97,11.59
FF,93.7,-0.47,11.1
FF,93.7,0.3,11.21
FF,93.7,1.26,10.16
FF,93.7,1.13,9.83
FF,93.7,0.35,13.78
FF,93.7,1.318,11.337
FF,93.7,2.604,11.592
FF,93.7,-1.67,10.81
FF,93.7,-0.39,8.57
FF,93.7,-0.02,10.88
FF,93.7,-0.02,8.66
FF,93.7,2.77,9.31
FF,93.7,2.79,10.05
FF,93.7,2.05,9.31
FF,93.7,1.72,11.86
FF,93.7,0.97,12.18
FF,93.7,0.23,11.72
FF,93.7,0.76,11.91
FF,93.6,0.13,12.76
FF,93.6,2.4,9.85
FF,93.6,0.84,10.367
FF,93.6,1.637,13.526
FF,93.6,-0.246,9.63
FF,93.6,0.794,10.328
FF,93.6,0.628,8.514
FF,93.6,0.12,12.99
FF,93.6,1.65,12.3
FF,93.6,0.54,12.12
FF,93.6,3.9,9.76
FF,93.6,-0.22,10.35
FF,93.6,4.65,12.85
FF,93.6,4.12,11.8
FF,93.6,5.35,9.69
FF,93.6,2.65,13.23
FF,93.6,5.34,13.83
FF,93.6,3.377,9.509
FF,93.6,0.745,10.442
FF,93.6,1.383,11.945
FF,93.6,0.812,12.456
FF,93.6,2.26,10.152
FF,93.6,0.497,8.431
FF,93.6,3.222,10.937
FF,93.6,0.44,11.19
FF,93.6,-0.22,9.23
FF,93.6,1.35,12.17
FF,93.6,-0.38,11.72
FF,93.6,-0.4,8.5
FF,93.6,2.64,10.33
FF,93.6,0.78,10.69
FF,93.6,2.27,11.41
FF,93.6,1.59,11.21
FF,93.6,4.47,11.33
FF,93.6,-0.1,9.74
FF,93.6,-0.17,12.18
FF,93.6,0.53,12.62
FF,93.6,-1.74,12.74
FF,93.6,0.3,12.52
FF,93.6,-0.67,11.32
FF,93.6,2.59,13.12
FF,93.6,-1.16,10.53
FF,93.6,0.01,12.18
FF,93.6,-2.01,10.03
FF,93.6,0.41,9.24
FF,93.6,0.23,9.27
FF,93.6,-1.04,11.33
FF,93.6,5.568,10.289
FF,93.6,-0.38,9.23
FF,93.6,-2.6,6.73
FF,93.6,-1.155,9.259
FF,93.6,0.507,11.129
FF,93.6,1.3,13.164
FF,93.6,-1.63,13.509
FF,93.6,0.549,10.53
FF,93.6,-1.377,11.605
FF,93.6,2.85,11.65
FF,93.6,0.29,9.72
FF,93.6,-0.15,11.23
FF,93.6,0.92,11.55
FF,93.6,0.83,14.64
FF,93.6,-0.43,10.73
FF,93.6,0.56,9.33
FF,93.6,1.824,12.655
FF,93.6,0.507,12.081
FF,93.6,-1.187,12.056
FF,93.6,0.005,11.258
FF,93.6,1.08,9.17
FF,93.6,-1.64,11.01
FF,93.6,-0.52,12.22
FF,93.6,-4.09,11.3
FF,93.6,2.04,8.89
FF,93.5,0.97,10.1
FF,93.5,-0.24,12.94
FF,93.5,0.09,10.43
FF,93.5,-1.14,7.26
FF,93.5,-0.05,13.77
FF,93.5,-0.84,11.57
FF,93.5,-0.26,9.38
FF,93.5,-2.052,10.435
FF,93.5,-1.273,10.674
FF,93.5,2.063,13.452
FF,93.5,0.71,13.28
FF,93.5,-1.1,11.24
FF,93.5,-0.66,12.94
FF,93.5,-0.35,9.17
FF,93.5,0.59,11.7
FF,93.5,1.92,10.27
FF,93.5,1.75,12.59
FF,93.5,-0.46,10.34
FF,93.5,-0.39,8.21
FF,93.5,-1.17,10.16
FF,93.5,4.53,10.47
FF,93.5,1.832,12.431
FF,93.5,-0.161,11.69
FF,93.5,-1.321,10.897
FF,93.5,3.737,9.949
FF,93.5,0.223,12.762
FF,93.5,-1.12,9.92
FF,93.5,1.5,9.52
FF,93.5,-0.76,13.22
FF,93.5,1.7,10.3
FF,93.5,-0.74,11.22
FF,93.5,-0.11,10.23
FF,93.5,0.83,9.29
FF,93.5,-0.43,8.83
FF,93.5,1.01,12.36
FF,93.5,0.48,14.01
FF,93.5,-1.67,10.47
FF,93.5,0.81,10.61
FF,93.5,0.09,11.91
FF,93.5,0.27,11.9
FF,93.5,0.08,12.23
FF,93.5,-1.37,9.49
FF,93.5,2.886,9.89
FF,93.5,1.543,11.549
FF,93.5,1.543,11.549
FF,93.5,2.687,11.452
FF,93.5,0.8,9.02
FF,93.5,-1.37,8.305
FF,93.5,-0.01,11.762
FF,93.5,0.835,10.909
FF,93.5,2.297,9.756
FF,93.5,-2.423,12.506
FF,93.5,-1.946,8.014
FF,93.5,-1.133,9.954
FF,93.5,0.866,7.93
FF,93.5,-0.153,13.169
FF,93.5,-2.078,12.23
FF,93.5,-0.742,11.807
FF,93.5,0.124,12.51
FF,93.5,0.159,12.274
FF,93.5,1.54,11.96
FF,93.5,2.43,9.93
FF,93.5,2.15,11.34
FF,93.5,-0.25,10.1
FF,93.5,-0.48,12.49
FF,93.5,-0.64,12.45
FF,93.5,2.43,12.51
FF,93.5,0.55,13.39
FF,93.5,3.342,15.906
FF,93.5,2.718,12.822
FF,93.5,1.453,12.583
FF,93.5,0.8,12.51
FF,93.5,0.48,9.77
FF,93.5,-0.4,10.87
FF,93.5,-1.13,9.04
FF,93.5,1.55,12.27
FF,93.4,0.98,10.19
FF,93.4,1.49,12.9
FF,93.4,2.69,11.63
FF,93.4,0.15,10.18
FF,93.4,1.79,7.4
FF,93.4,1.13,7.95
FF,93.4,-0.49,12.1
FF,93.4,3.1,10.69
FF,93.4,2.31,13.57
FF,93.4,0.05,11.72
FF,93.4,1.7,9.85
FF,93.4,4.89,12.63
CH,93.4,7.96,11.06
FF,93.4,1.883,10.45
FF,93.4,0.2,8.53
FF,93.4,-1.03,7.45
FF,93.4,3.1,12.8
FF,93.4,3,13.02
FF,93.4,2.54,11.99
FF,93.4,0.82,11.17
FF,93.4,1.21,10.06
FF,93.4,1.91,10.54
FF,93.4,6.6,11.58
FF,93.4,3.34,10.17
FF,93.4,-0.92,10.87
FF,93.4,0.18,12.49
FF,93.4,1.08,10.92
FF,93.4,1.61,11.22
FF,93.4,2.63,12.1
FF,93.4,0.17,9.01
FF,93.4,0.45,13.08
FF,93.4,-1.52,12.17
FF,93.4,-1.48,10.64
FF,93.4,0.21,12.68
FF,93.4,-0.16,10.67
FF,93.4,-0.47,11.54
FF,93.4,1.04,14.36
FF,93.4,3.522,10.915
FF,93.4,3.214,13.056
FF,93.4,0.78,11.44
FF,93.4,-0.3,11.27
FF,93.4,-0.56,9.23
FF,93.4,1.62,11.37
FF,93.4,0.145,8.178
FF,93.4,0.371,9.433
FF,93.4,-0.336,12.572
FF,93.4,0.046,11.022
FF,93.4,0.287,11.326
FF,93.4,0.418,12.864
FF,93.4,0.472,13.379
FF,93.4,3.95,11.14
FF,93.4,1.23,12.56
FF,93.4,0.97,10.57
FF,93.4,-0.38,11.02
FF,93.4,1.59,12.89
FF,93.4,1.46,10.36
FF,93.4,1.849,13.731
FF,93.4,-0.71,13.58
FF,93.4,-0.52,10.36
FF,93.4,2.98,10.47
FF,93.4,0.86,8.35
FF,93.4,0.69,11.16
FF,93.4,1.36,11.08
FF,93.3,1.53,11.81
FF,93.3,1.51,11.4
FF,93.3,0.1,11.63
FF,93.3,0.45,9.68
FF,93.3,-1.013,10.213
FF,93.3,-0.624,10.636
FF,93.3,2.703,12.681
FF,93.3,2.23,11.35
FF,93.3,0.28,12
FF,93.3,0.34,11.72
FF,93.3,1.26,9.48
FF,93.3,-0.53,13.89
FF,93.3,0.94,10.5
FF,93.3,1.84,8.73
FF,93.3,2.6,12.67
FF,93.3,3.65,11.53
FF,93.3,5.84,10.61
FF,93.3,0.016,11.505
FF,93.3,1.579,10.999
FF,93.3,-0.463,10.717
FF,93.3,2.996,12.942
FF,93.3,-0.25,9.7
FF,93.3,-0.95,13.53
FF,93.3,1.24,10.3
FF,93.3,-0.73,11.77
FF,93.3,2.51,11.08
FF,93.3,0.62,11.85
FF,93.3,0.41,11.43
FF,93.3,3.06,11.45
FF,93.3,3.06,11.45
FF,93.3,2.37,14.17
FF,93.3,0.66,11.97
FF,93.3,0.48,13.45
FF,93.3,1.82,8.33
FF,93.3,-0.48,10.22
FF,93.3,-0.39,8.74
FF,93.3,1.7,13.55
FF,93.3,-0.45,11.46
FF,93.3,1.97,14.41
FF,93.3,1.06,13.62
FF,93.3,0.59,13.19
FF,93.3,0.64,10.04
FF,93.3,1.1,10.13
FF,93.3,1.81,9.84
FF,93.3,2.2,9.71
FF,93.3,-0.97,10.23
FF,93.3,1.85,12.65
FF,93.3,-0.752,8.65
FF,93.3,-1.163,9.955
FF,93.3,0.693,11.194
FF,93.3,3.471,11.106
FF,93.3,0.902,14.469
FF,93.3,-0.328,10.078
FF,93.3,1.045,9.861
FF,93.3,2.64,9.62
FF,93.3,2.09,6.39
FF,93.3,-0.26,12.71
FF,93.3,0.97,10.69
FF,93.3,1.97,11.12
FF,93.3,-0.33,10.11
FF,93.3,1.7,12.25
FF,93.3,0.56,10.336
FF,93.3,0.834,12.449
FF,93.3,4.233,12.233
FF,93.3,1.32,9.49
FF,93.3,0.03,9.2
FF,93.3,1.1,7.64
FF,93.3,-1.04,10.35
FF,93.3,2.73,10.76
FF,93.2,1.35,12.31
FF,93.2,1.07,11.94
FF,93.2,2.07,11.65
FF,93.2,2.07,9.16
FF,93.2,0.67,8.55
FF,93.2,-1.83,8.88
FF,93.2,-0.09,9.85
FF,93.2,0.47,10.69
FF,93.2,2.06,9.89
FF,93.2,0.58,9.39
FF,93.2,0.26,10.77
FF,93.2,-0.929,9.989
FF,93.2,2.41,12.74
FF,93.2,3.06,13.28
FF,93.2,0.46,12.71
FF,93.2,-0.43,11.56
FF,93.2,0.16,11.81
FF,93.2,-0.59,11.37
FF,93.2,0.46,11.12
FF,93.2,-0.84,9.87
FF,93.2,-1.17,12.41
FF,93.2,2.87,12.27
FF,93.2,2.75,10.9
FF,93.2,4.95,11.33
FF,93.2,3.92,11.37
FF,93.2,1.85,9.2
FF,93.2,1.854,9.2
FF,93.2,-0.554,10.199
FF,93.2,1.523,10.461
FF,93.2,3.088,12.291
FF,93.2,1.622,12.134
FF,93.2,3.16,11.12
FF,93.2,0.81,9.4
FF,93.2,-2.15,11.69
FF,93.2,0.68,8.35
FF,93.2,-0.57,10.13
FF,93.2,1.08,8.98
FF,93.2,-2.58,8.49
FF,93.2,2.05,9.8
FF,93.2,2.56,11.03
FF,93.2,0.43,10.93
FF,93.2,-1.05,12.88
FF,93.2,3.89,14.36
FF,93.2,2.07,13.43
FF,93.2,-0.25,10.73
FF,93.2,1.15,10.34
FF,93.2,-0.07,7.98
FF,93.2,-0.22,9.49
FF,93.2,2,9.79
FF,93.2,-0.22,10.66
FF,93.2,1.08,10.37
FF,93.2,-0.96,9.38
FF,93.2,1.06,8.6
FF,93.2,-0.31,11.72
FF,93.2,0.78,9.35
FF,93.2,2.57,10.34
FF,93.2,-1.62,10.5
FF,93.2,0.789,11.447
FF,93.2,-2.445,8.882
FF,93.2,0.023,11.903
FF,93.2,-1.094,12.395
FF,93.2,1.389,11.082
FF,93.2,-0.244,11.2
FF,93.2,1.58,13.28
FF,93.2,1.52,10.07
FF,93.2,1.67,11.72
FF,93.2,1.23,11.76
FF,93.2,-0.23,11.5
FF,93.2,0.74,15.97
FF,93.2,-0.13,11.57
FF,93.2,-1.08,11.07
FF,93.2,-0.72,10.61
FF,93.2,0.7,9.41
FF,93.2,-0.29,9.68
FF,93.2,2.14,9.95
FF,93.2,1.82,11.74
FF,93.2,1.77,11.74
FF,93.2,3.19,9.94
FF,93.1,1.56,14.18
FF,93.1,-1.09,12.9
FF,93.1,2.07,11.06
FF,93.1,0.24,11.15
FF,93.1,0.01,14.17
FF,93.1,2.03,10.87
FF,93.1,3.29,11.91
FF,93.1,-1.55,9.95
FF,93.1,0.94,11.05
FF,93.1,0.89,7.94
FF,93.1,2.73,7.84
FF,93.1,2.36,9.17
FF,93.1,0.79,10.29
FF,93.1,0.908,11.158
FF,93.1,1.46,13.06
FF,93.1,0.34,10.38
FF,93.1,-1.36,10.5
FF,93.1,2.33,8.72
FF,93.1,0.29,10.45
FF,93.1,-1.26,9.84
FF,93.1,0.05,8.21
FF,93.1,1.67,10.82
FF,93.1,1.82,7.21
FF,93.1,0.33,10.11
FF,93.1,2.14,13.99
FF,93.1,1.89,15.24
FF,93.1,4.97,11.52
FF,93.1,0.046,9.111
FF,93.1,0.756,9.961
FF,93.1,2.798,10.857
FF,93.1,1.753,12.228
FF,93.1,-0.936,10.376
FF,93.1,-0.626,11.744
FF,93.1,0.478,10.406
FF,93.1,2.415,11.382
FF,93.1,0.36,11.639
FF,93.1,1.99,12.95
FF,93.1,-1.58,10.23
FF,93.1,0.22,10.71
FF,93.1,2.64,13.01
FF,93.1,2.04,9.87
FF,93.1,-0.93,13.77
FF,93.1,0.85,12.6
FF,93.1,0.33,12.57
FF,93.1,2.06,14.18
FF,93.1,0.61,11.85
FF,93.1,0.09,9.94
FF,93.1,1.77,11.7
FF,93.1,0.276,10.661
FF,93.1,-0.06,10.55
FF,93.1,-0.29,10.73
FF,93.1,-0.32,9.07
FF,93.1,2.81,11.58
FF,93.1,3.54,11.2
FF,93.1,1.018,10.215
FF,93.1,-1.867,8.853
FF,93.1,-0.036,9.798
FF,93.1,0.14,8.798
FF,93.1,-1.245,10.979
FF,93.1,3.271,11.364
FF,93.1,-1.655,12.72
FF,93.1,-0.26,11.622
FF,93.1,-0.11,11.29
FF,93.1,1.36,11.21
FF,93.1,-1.21,11.74
FF,93.1,1.07,14.32
FF,93.1,-1.94,11.32
FF,93.1,-0.99,9.77
FF,93.1,0.47,11.4
FF,93.1,-0.51,11.32
FF,93.1,-2.06,11.6
FF,93.1,0.877,13.431
FF,93.1,1.17,11.79
FF,93.1,1.01,9.19
FF,93.1,3.81,8.43
FF,93.1,0.62,10.64
FF,93,0.76,11.56
FF,93,0.3,12.1
FF,93,1.07,9.15
FF,93,-0.08,11.66
FF,93,1.08,12.15
FF,93,-0.21,8.77
FF,93,-1.36,10.15
FF,93,0.99,12.95
FF,93,3.61,12.79
FF,93,0,11.41
FF,93,-0.28,11.66
FF,93,3.35,11.62
FF,93,0.66,8.33
FF,93,0.95,10.66
FF,93,3.56,14.26
FF,93,4.88,11.78
FF,93,3.51,12.5
FF,93,4.32,9.83
FF,93,4.01,13.42
FF,93,3.62,12.6
FF,93,1.467,12.362
FF,93,2.691,10.571
FF,93,1.425,10.076
FF,93,0.26,10.14
FF,93,0.81,11.56
FF,93,2.22,12.12
FF,93,4.38,11.45
FF,93,-1.69,10.13
FF,93,2.54,13.01
FF,93,-1.44,10.02
FF,93,-0.06,10.64
FF,93,0.73,12.45
FF,93,-1.2,12.57
FF,93,-0.88,13.03
FF,93,2.95,14.35
FF,93,2.06,9.95
FF,93,-0.08,11.65
FF,93,0.52,10.42
FF,93,1.44,10.43
FF,93,-1.41,10.44
FF,93,2.542,12.675
FF,93,2.542,12.675
FF,93,0.55,10.41
FF,93,0.4,9.22
FF,93,-0.05,9.4
FF,93,4.03,10.12
FF,93,-1.46,11.309
FF,93,-2.346,10.602
FF,93,-0.43,8.347
FF,93,-0.496,8.692
FF,93,0.426,9.292
FF,93,0.197,9.098
FF,93,0.061,8.849
FF,93,-0.504,12.486
FF,93,0.57,11.43
FF,93,1.43,9.66
FF,93,0.89,9.71
FF,93,1.07,10.13
FF,93,0.73,11.39
FF,93,-0.19,10.82
FF,93,0.67,12.24
FF,92.9,1,10.41
FF,92.9,1.49,10.75
FF,92.9,0.83,14.37
FF,92.9,0.8,9.8
FF,92.9,1.28,8.51
FF,92.9,5.85,12.7
FF,92.9,1.72,11.39
FF,92.9,3.718,12.477
FF,92.9,3.229,13.107
FF,92.9,1.583,12.174
FF,92.9,2.382,12.831
FF,92.9,1.516,12.229
FF,92.9,1.84,12.554
FF,92.9,0.419,9.239
FF,92.9,5.157,10.567
FF,92.9,-1.19,10.63
FF,92.9,0.72,10.58
FF,92.9,-0.72,8.47
FF,92.9,0.62,11.89
FF,92.9,3.85,9.01
FF,92.9,-2.58,12.73
FF,92.9,2.77,11.36
FF,92.9,2.34,9.84
FF,92.9,0.29,7.89
FF,92.9,-0.7,10.31
FF,92.9,-0.7,10.31
FF,92.9,0.62,12.33
FF,92.9,-1.49,9.04
FF,92.9,2.18,10.4
FF,92.9,-0.71,12.44
FF,92.9,-0.4,12.36
FF,92.9,-0.39,10.86
FF,92.9,1.02,11.39
FF,92.9,-1.68,8.14
FF,92.9,-0.01,11.63
FF,92.9,-0.89,8.63
FF,92.9,-0.39,8.94
FF,92.9,0.64,8.25
FF,92.9,0.259,13.464
FF,92.9,-1.253,8.341
FF,92.9,-2.197,10.012
FF,92.9,-0.341,9.069
FF,92.9,0.73,10.72
FF,92.9,0.72,9.93
FF,92.9,-2.666,12.993
FF,92.9,2.9,10.85
FF,92.9,-0.34,10.5
FF,92.9,0.85,10.67
FF,92.9,0.97,12.08
FF,92.9,0.52,11.61
FF,92.9,0.26,10.86
FF,92.9,-1.801,10.734
FF,92.9,0.61,11.16
FF,92.9,2.61,11.72
FF,92.9,-0.4,9.27
FF,92.9,0.37,12.7
FF,92.9,1.08,9.19
FF,92.9,-0.58,9.1
FF,92.9,2.09,10.51
FF,92.8,2.35,11.28
FF,92.8,4.13,12.19
FF,92.8,0.81,10.56
FF,92.8,0.66,9
FF,92.8,3.31,9.33
FF,92.8,0.706,12.445
FF,92.8,0.96,11.71
FF,92.8,1.38,12.21
FF,92.8,1.91,11.93
FF,92.8,3.85,9.47
FF,92.8,0.927,10.754
FF,92.8,1.034,10.455
FF,92.8,3.964,8.418
FF,92.8,3.96,8.42
FF,92.8,-0.298,10.068
FF,92.8,-0.849,14.378
FF,92.8,2.89,12.58
FF,92.8,0.08,9.77
FF,92.8,1.23,10.92
FF,92.8,1.74,12.63
FF,92.8,3.39,11.38
FF,92.8,-0.14,13.18
FF,92.8,0.17,11.05
FF,92.8,1.32,10.68
FF,92.8,0.39,11.1
FF,92.8,0.9,11.48
FF,92.8,2.37,11.43
FF,92.8,0.09,10.31
FF,92.8,-1.79,9.63
FF,92.8,0.762,10.579
FF,92.8,-0.788,13.796
FF,92.8,2.88,13.79
FF,92.8,0.54,10
FF,92.8,-0.37,11.27
FF,92.8,0.91,11.34
FF,92.8,-0.934,11.916
FF,92.8,0.73,10
FF,92.8,0.28,8.32
FF,92.8,-0.24,9.53
FF,92.8,1.44,10.82
FF,92.8,0.41,8.21
FF,92.8,0.37,7.79
FF,92.8,0.5,8.19
FF,92.8,0.57,8.61
FF,92.8,0.32,8.07
FF,92.8,0.76,9.94
FF,92.7,0.71,11.32
FF,92.7,-0.26,10.57
FF,92.7,1.83,12.65
FF,92.7,0.4,12.47
FF,92.7,2.12,11.08
FF,92.7,0.33,8.58
FF,92.7,5.54,12.1
FF,92.7,3.18,13.65
FF,92.7,3.738,11.148
FF,92.7,1.615,11.413
FF,92.7,2.42,9.729
FF,92.7,2.42,9.73
FF,92.7,1.014,12.194
FF,92.7,1.165,11.481
FF,92.7,1.989,11.489
FF,92.7,2.376,12.337
FF,92.7,0.358,11.314
FF,92.7,0.64,11.697
FF,92.7,0.764,11.313
FF,92.7,2.96,11.357
FF,92.7,-0.53,10.28
FF,92.7,-0.21,9.66
FF,92.7,1.39,11.76
FF,92.7,3.39,11.72
FF,92.7,1.79,8.21
FF,92.7,-0.27,9.79
FF,92.7,-0.34,12.73
FF,92.7,-0.56,8.62
FF,92.7,-0.32,12.68
FF,92.7,0.59,11.81
FF,92.7,-1.16,10.01
FF,92.7,0.43,10.62
FF,92.7,0.96,9.94
FF,92.7,1.59,10.49
FF,92.7,1.6,9.29
FF,92.7,0.456,9.291
FF,92.7,-0.673,11.172
FF,92.7,0.08,10.89
FF,92.7,0.467,10.912
FF,92.7,1.507,12.85
FF,92.7,-0.394,12.671
FF,92.7,1.83,10.81
FF,92.7,-0.17,9.18
FF,92.7,-0.39,10.6
FF,92.7,0.418,12.459
FF,92.7,1.11,8.44
FF,92.7,-0.37,11.64
FF,92.7,2.25,10.05
FF,92.7,0.73,14.11
FF,92.7,1.67,14.76
FF,92.7,1.04,9.26
FF,92.6,0.58,9.36
FF,92.6,0.79,10.28
FF,92.6,-0.219,10.688
FF,92.6,1.69,13.2
FF,92.6,3.99,12.99
FF,92.6,4.03,11.85
FF,92.6,0.85,11.052
FF,92.6,2.376,9.903
FF,92.6,2.38,9.9
FF,92.6,3.979,11.191
FF,92.6,2.423,11.717
FF,92.6,-1.819,9.4
FF,92.6,1,13.99
FF,92.6,1.24,11.8
FF,92.6,1.33,11.52
FF,92.6,0.39,10.02
FF,92.6,1.25,10.47
FF,92.6,1.45,13.2
FF,92.6,2.65,12.14
FF,92.6,-0.16,10.5
FF,92.6,0.09,12.96
FF,92.6,-0.6,10.87
FF,92.6,-0.92,13.43
FF,92.6,-0.04,11.34
FF,92.6,-1.81,13.57
FF,92.6,1,8.54
FF,92.6,2.51,11.75
FF,92.6,-0.25,8.6
FF,92.6,1.34,9.17
FF,92.6,2.6,11.68
FF,92.6,0.61,11.303
FF,92.6,-1.393,11.781
FF,92.6,0.04,9.93
FF,92.6,-1.95,10.7
FF,92.6,0.189,12.863
FF,92.6,2.9,12.36
FF,92.6,-0.43,10.74
FF,92.6,0.8,10.51
FF,92.6,0.47,11.57
FF,92.5,2.66,9.42
FF,92.5,0.65,10.71
FF,92.5,0.744,13.227
FF,92.5,1.13,12.033
FF,92.5,2.32,12.6
FF,92.5,1.32,12.31
FF,92.5,1.689,10.546
FF,92.5,2.828,10.05
FF,92.5,3.889,10.203
FF,92.5,2.985,11.67
FF,92.5,1.858,12.086
FF,92.5,1.91,9.98
FF,92.5,-1.85,10.72
FF,92.5,3.38,13.08
FF,92.5,1.36,14.11
FF,92.5,2.38,13.09
FF,92.5,4.028,10.927
FF,92.5,-0.19,11.04
FF,92.5,1.531,10.863
FF,92.5,-0.6,11.791
FF,92.5,0.863,11.961
FF,92.5,-0.01,11.88
FF,92.5,-0.4,10.25
FF,92.5,0.076,14.601
FF,92.5,0.681,11.053
FF,92.5,1.23,11.64
FF,92.5,2.23,10.47
FF,92.5,1.55,9.12
FF,92.5,0.45,10.77
FF,92.5,-0.27,11.53
FF,92.4,0.72,13.31
FF,92.4,0.26,9.92
FF,92.4,0.94,8.41
FF,92.4,0.983,10.606
SL,92.4,-2.69,6.03
FF,92.4,4.69,13.22
FF,92.4,5.17,10.55
FF,92.4,2.357,10.333
FF,92.4,-0.039,12.372
FF,92.4,-0.056,8.814
FF,92.4,1.929,10.928
FF,92.4,2.316,12.656
FF,92.4,0.933,8.791
FF,92.4,1.12,12.48
FF,92.4,1.94,12.41
FF,92.4,2.27,12.41
FF,92.4,-0.3,9.6
FF,92.4,-1.45,11.78
FF,92.4,-1.65,8.95
FF,92.4,-0.73,8.683
FF,92.4,2.63,9.52
FF,92.4,-0.42,10.55
FF,92.4,1.255,12.249
FF,92.4,0.33,12.1
FF,92.4,-0.67,12.06
FF,92.4,3.006,10.537
FF,92.4,0.21,9.57
FF,92.4,1.81,9.2
FF,92.4,0.93,11.9
FF,92.3,0.23,12.84
FF,92.3,-1.93,9.09
FF,92.3,-0.034,9.361
FF,92.3,5.33,10.58
FF,92.3,3.61,10.85
FF,92.3,1.702,10.244
FF,92.3,-0.449,11.069
FF,92.3,0.442,10.734
FF,92.3,1.973,10.641
FF,92.3,3.233,12.028
FF,92.3,1.2,11.98
FF,92.3,3.07,10.58
FF,92.3,1.51,11.53
FF,92.3,-1.81,10.21
FF,92.3,2.39,10.15
FF,92.3,2.4,8.4
FF,92.3,-0.95,11.47
FF,92.3,-0.07,8.35
FA,92.3,6.199,11.714
FF,92.3,3.29,8.03
FF,92.3,0.13,10.32
FF,92.3,-0.01,10.8
FF,92.3,-0.1,11.47
FF,92.3,0.07,9.47
FF,92.3,1,11.55
FF,92.3,1.86,14.21
FF,92.2,-0.68,12.13
FF,92.2,1.08,13.85
FF,92.2,-1.01,10.22
FF,92.2,-0.58,11.28
FF,92.2,-1.1,9.88
FF,92.2,0.468,11.544
FF,92.2,0.97,11.58
FF,92.2,1.56,13.43
FF,92.2,-0.09,11.95
FF,92.2,3.17,13.58
FF,92.2,2.81,12.07
FF,92.2,1.69,12.5
FF,92.2,0.146,9.543
FF,92.2,2.294,10.473
FF,92.2,3.721,9.52
FF,92.2,3.72,9.52
FF,92.2,2.57,10.81
FF,92.2,2.88,9.7
FF,92.2,1.15,12.97
FF,92.2,-1.06,9.79
FF,92.2,3.945,11.11
FF,92.2,0.98,9.65
FF,92.2,1.9,10.85
FF,92.2,-1.014,9.465
FF,92.2,1.6,10.81
FF,92.2,0.2,9.59
FF,92.2,1.69,11.77
FF,92.2,0.422,11.182
FF,92.2,1.96,10.4
FF,92.2,0.651,10.201
FF,92.2,0.5,9.34
FF,92.2,0.2,13.78
FF,92.1,-2.08,5.53
FF,92.1,0.76,11.06
FF,92.1,0.52,13.22
FF,92.1,5.48,12.29
FF,92.1,0.335,10.453
FF,92.1,1.68,11.71
FF,92.1,-0.34,12.69
FF,92.1,0.28,11.45
FF,92.1,0.07,9.96
FF,92.1,-0.72,10.66
FF,92.1,-1.77,9.79
FF,92.1,2.04,8.55
FF,92.1,-0.74,11.84
FF,92.1,-1.899,11.012
FF,92.1,2.359,10.8
FF,92.1,2.13,11.05
FF,92,2.28,9.92
FF,92,1.79,10.07
SL,92,-2.958,5.65
FF,92,1.62,12.1
FF,92,2.37,10.34
FF,92,6.24,12.65
FF,92,2.69,10.37
FF,92,2.691,10.37
FF,92,1.69,9.71
FF,92,4.52,10.57
FF,92,4.523,10.571
FF,92,0.851,10.039
FF,92,3.33,9.29
FF,92,0.49,11.62
FF,92,1.398,10.416
FF,92,2.14,10.12
FF,92,2.12,8.65
FF,92,1.94,13.06
FF,92,0.87,8.78
FF,92,0.77,13.12
FF,92,-0.56,11.91
FF,92,0.328,11.122
FF,92,3.27,8.73
FF,92,1.79,10.1
FF,92,2.99,11.346
FF,92,-0.01,10.15
FF,92,-3.77,10.83
FF,92,0.73,14.06
FF,91.9,-0.85,12.23
FF,91.9,0.86,13.43
FF,91.9,1.24,12.18
FF,91.9,0.83,10.75
FF,91.9,0.07,11.81
FF,91.9,3.75,9.7
FF,91.9,1.536,10.934
FF,91.9,0.78,11.47
FF,91.9,2.01,9.43
FF,91.9,1.16,9.17
FF,91.9,1.02,11.22
FF,91.9,-0.02,8.49
FF,91.9,-0.1,11.26
FF,91.8,1.35,9.94
FF,91.8,-0.43,8.4
FF,91.8,0.06,13.31
FF,91.8,1.443,10.371
FF,91.8,-0.289,11.049
FF,91.8,1.43,10.96
FF,91.8,-0.75,9.87
FF,91.8,-0.638,11.514
FF,91.8,-0.17,8.84
FF,91.8,2.06,10.41
FF,91.7,-0.871,4.032
FF,91.7,5.09,10.9
FF,91.7,-0.692,7.687
FF,91.7,0.03,10.89
FF,91.7,-1.54,3.08
FF,91.7,1.73,13.58
FF,91.7,-0.61,10.08
FF,91.7,-2.71,9.817
FF,91.7,0.48,11.37
FF,91.7,-0.77,11.69
SL,91.7,-3.74,9.56
FF,91.7,2.88,11.33
FF,91.7,-2.866,10.108
FF,91.6,0,2.93
SL,91.6,-1.83,0.44
FF,91.6,1.3,5.86
FF,91.6,-0.48,9.22
FF,91.6,2.954,9.392
FF,91.6,3.1,8.33
FF,91.6,-0.73,11.54
FF,91.6,0.53,10.98
FF,91.6,-0.63,11.35
FF,91.6,3.19,11.09
FF,91.6,0.04,9.95
FF,91.6,0.96,10.87
SL,91.5,0.06,1.16
SL,91.5,-1.951,4.028
SL,91.5,-2.26,6.95
FF,91.5,1.69,12.2
FF,91.5,1.693,12.2
FF,91.5,0.937,10.913
FF,91.5,-0.15,12.14
FF,91.5,2.21,11.58
SL,91.5,-3.21,12.24
FF,91.5,1.62,11.65
SL,91.5,-1.76,3.86
FF,91.5,-0.68,12.2
FF,91.5,3.21,9.79
FF,91.5,-0.45,11.52
FF,91.4,1.379,10.579
FF,91.4,3.746,10.622
FF,91.4,0.37,9.2
FF,91.4,-2.368,12.429
FF,91.4,-0.87,11.92
FF,91.4,0.04,10.15
FF,91.4,0.49,11.38
SL,91.3,-0.5,4.46
SL,91.3,-0.12,2.32
SL,91.3,-1.75,7.87
SL,91.3,-0.22,4.57
FF,91.3,0.79,8.33
FF,91.3,-1.169,11.539
FF,91.3,2.358,11.661
FF,91.3,2.706,12.15
FF,91.3,0.13,12.13
SL,91.3,-0.87,4.43
FF,91.3,-0.26,9.88
FF,91.3,1.555,9.312
FF,91.3,2.1,11.64
FF,91.3,0.85,13.09
FF,91.2,2.92,11.56
SL,91.2,-2.64,5.5
SL,91.2,-1.36,3.96
SL,91.2,-3.03,3.22
SL,91.2,-1.574,6.014
CH,91.2,4.95,11.82
FF,91.2,0.8,11.54
FF,91.2,-1.12,11.95
SL,91.2,-2.69,3.11
FF,91.2,-0.71,5.97
FF,91.2,-0.98,13.38
FF,91.1,-0.87,9.35
FF,91.1,1.14,6.43
SL,91.1,-2.581,4.624
SL,91.1,-0.94,4.9
FF,91.1,1.78,9.796
FF,91.1,1.008,11.761
FF,91.1,1.78,9.8
FF,91.1,1.01,11.76
FF,91.1,1.92,9.68
SL,91.1,-1.84,5.27
FF,91,-1.36,7.05
SL,91,-1.08,2.47
SL,91,-3.78,2.93
SL,91,-3.25,2.93
SL,91,-3.24,2.924
FF,91,0.318,11.898
SL,91,-0.088,8.32
SL,90.9,-1.51,7.31
SL,90.9,-1.59,3.42
FF,90.9,1.35,12.75
FF,90.9,0.18,10.48
FF,90.9,-0.96,12.39
SL,90.8,-2.72,5.23
SL,90.8,-2.09,6.5
SL,90.8,-3.66,2.3
SL,90.8,-3.359,6.175
FF,90.8,0.92,8.69
FF,90.8,-0.51,12.52
FF,90.8,2.89,12.03
SL,90.7,-1.34,6.79
SL,90.7,-4.16,3.58
SL,90.7,-1.33,4.49
SL,90.7,-3.57,4.61
SL,90.7,-3.55,4.84
SL,90.7,-4.087,1.979
SL,90.7,-1.781,5.233
SL,90.7,-0.78,3.59
SL,90.7,-2.08,4.78
SL,90.7,-2.87,4.85
SL,90.7,-1.435,5.367
SL,90.7,-2,2.05
FF,90.7,0.81,7.42
FF,90.7,0.59,11.21
SL,90.7,-2.603,2.874
FF,90.7,0.07,11.14
FF,90.7,1.38,10.55
FF,90.7,-0.25,12.74
SL,90.6,-0.39,5.69
SL,90.6,-1.44,5.42
SL,90.6,-3.03,1.19
SL,90.6,-1,2.2
SL,90.6,-3.23,1.93
SL,90.6,-3.32,1.94
SL,90.6,-2.62,5.62
FF,90.6,3.251,12.185
FF,90.6,3.251,12.185
FF,90.6,2.13,11.38
SL,90.5,2.2,5.46
SL,90.5,-1.25,5.69
SL,90.5,-4.079,3.093
SL,90.5,-4.015,2.68
SL,90.5,-1.87,4.39
SL,90.5,-0.71,8.43
SL,90.5,-0.33,6.07
SL,90.5,-4.342,5.067
SL,90.5,-1.137,1.177
SL,90.5,-0.26,7.7
SL,90.5,-0.04,11.5
FF,90.5,1.98,11.39
SL,90.4,-1.44,5.83
SL,90.4,-1.4,3.71
SL,90.4,-0.7,6.6
SL,90.4,-0.97,3.84
SL,90.4,-2.31,2.36
SL,90.4,-2.79,2.97
SL,90.4,-2.013,5.531
SL,90.4,-0.11,3.47
SL,90.4,-0.68,5.99
SL,90.4,-2.977,3.97
SL,90.4,-1.104,4.313
SL,90.4,0.69,7.22
SL,90.4,-3.1,4.7
SL,90.4,0.6,6.58
SL,90.4,0.492,6.374
SL,90.3,-1.43,4.44
SL,90.3,-1.39,4.05
SL,90.3,-3.178,4.717
SL,90.3,-3.481,1.378
SL,90.3,-4.29,2.99
SL,90.3,-1.69,7.76
SL,90.3,-3.76,6.52
SL,90.3,-3.031,4.155
SL,90.3,0.06,4.59
SL,90.2,-5.9,0.03
SL,90.2,-5.57,2.835
SL,90.2,-1.34,2.52
SL,90.2,-1.14,4.01
SL,90.2,-0.965,4.688
SL,90.2,-3.13,4.66
SL,90.2,0.01,4.44
SL,90.2,-0.22,5.62
SL,90.2,0.67,5.84
SL,90.2,-2.28,4.73
SL,90.2,-0.39,10.46
SL,90.1,0.82,3.51
SL,90.1,-1.53,3.04
SL,90.1,-3.759,3.137
SL,90.1,-1.05,5.82
SL,90.1,-4.67,1.76
SL,90.1,-3.338,4.776
SL,90.1,-0.3,4.72
SL,90.1,-3.08,3.2
SL,90.1,-3.3,3.28
SL,90.1,-4.14,2.59
SL,90,-0.97,3.98
SL,90,-0.35,5.63
SL,90,0.51,6.67
SL,90,-1.2,4.98
SL,90,-2.95,5.44
SL,90,-2.63,3.83
SL,90,-1.52,3.95
SL,90,-1.89,3.878
SL,90,-1.57,3.81
SL,90,-0.27,5.85
SL,90,-3.829,3.914
SL,90,1.74,2.63
SL,89.9,-7.03,2.64
SL,89.9,-2.51,3.26
SL,89.9,-3.84,2.37
SL,89.9,-2.22,3.5
SL,89.9,-1.74,2.51
SL,89.9,0.34,5.92
SL,89.9,-1.02,2.25
SL,89.9,-1.087,3.06
SL,89.9,-0.974,8.268
SL,89.9,-1.75,6.95
SL,89.9,-1.23,4.98
SL,89.9,-0.92,2.67
SL,89.9,-0.66,4.94
SL,89.9,-0.07,6.08
SL,89.9,-1.84,4.83
SL,89.8,-1.82,3.81
SL,89.8,-4.12,0.34
SL,89.8,-4.11,1.78
SL,89.8,-1.64,3.62
SL,89.8,-2.61,3.16
SL,89.8,-2.21,4.75
SL,89.8,-0.16,3.19
SL,89.8,-2.15,2.91
SL,89.8,-2.35,4.3
SL,89.8,-2.04,2.43
SL,89.8,-1.1,4.37
SL,89.7,-2.64,4.81
SL,89.7,-2.33,0.5
SL,89.7,-4.97,3.68
SL,89.7,-2,4.32
SL,89.7,-2.36,5.061
SL,89.7,-3.52,2.984
SL,89.7,-1.42,3.78
SL,89.7,-3.2,3.64
SL,89.7,-1.47,6.44
SL,89.7,-0.39,6.01
SL,89.7,-1.85,3.13
SL,89.7,-3.93,1.84
SL,89.7,-3.55,3.27
SL,89.7,-2.88,5.44
FA,89.7,5.7,8.64
SL,89.7,-1.75,3.97
SL,89.7,-1.981,8.287
SL,89.6,-4.1,4.23
SL,89.6,-1.97,5.45
SL,89.6,-2.589,5.231
SL,89.6,-3.241,3.499
SL,89.6,-1.141,6.391
SL,89.6,-3.944,4.627
SL,89.6,-2.98,5.332
SL,89.6,-2.736,7.196
SL,89.6,-0.312,6.498
SL,89.6,-3.55,0.58
SL,89.6,-3.57,4.22
SL,89.6,0.81,7.12
SL,89.6,-4.07,1.35
SL,89.6,0.126,6.053
SL,89.6,-1.936,3.687
SL,89.6,-2.95,2.52
SL,89.5,-2.3,4.22
SL,89.5,-3.92,2.05
SL,89.5,-0.64,3.03
SL,89.5,-0.56,3.88
SL,89.5,-3.109,1.286
SL,89.5,-3.3,2.94
SL,89.5,-2.66,5.948
SL,89.5,-0.8,3.02
SL,89.5,-1.02,1.73
SL,89.4,-2.94,2.62
SL,89.4,0.76,7.02
SL,89.4,-5.06,4.35
SL,89.4,-2.4,3.89
SL,89.4,-0.927,7.492
SL,89.4,-2.7,2.72
SL,89.4,-2.33,5
SL,89.4,-3.53,5.83
SL,89.4,-2.39,6.76
SL,89.4,-4.56,5.53
SL,89.4,-0.153,7.499
SL,89.4,-2.199,7.58
SL,89.4,-4.648,2.302
SL,89.4,-3.029,4.738
SL,89.4,-1.831,3.839
SL,89.4,-2.9,3.83
SL,89.4,-2.88,3.23
SL,89.4,-1.15,2.36
SL,89.4,-0.15,10.85
SL,89.4,-2.51,3.34
SL,89.4,-5.57,1.24
SL,89.3,-3.63,2.93
SL,89.3,-1.13,4.09
SL,89.3,-3.33,3.1
SL,89.3,-4.38,2.76
SL,89.3,-4.25,4.761
SL,89.3,1.02,5.99
SL,89.3,-2.84,2.28
SL,89.3,-1.89,4.21
SL,89.3,-2.11,7.98
SL,89.3,-4.18,5.54
SL,89.3,1.74,2.44
SL,89.3,2.88,5.51
SL,89.3,2.177,3.257
SL,89.3,-0.09,4.967
SL,89.3,-0.367,4.928
SL,89.3,-4.64,0.64
SL,89.3,-2.62,3.45
SL,89.3,-0.78,7.79
SL,89.3,-2.19,2.28
SL,89.3,-3.19,5.4
SL,89.3,-3.38,3.29
SL,89.3,-1.391,1.787
SL,89.3,-2.98,0.85
SL,89.3,-2.58,3.37
SL,89.3,-1.17,2.73
SL,89.2,-2.28,6.83
SL,89.2,-2.52,4.8
SL,89.2,-3.26,3.41
SL,89.2,-3.21,3.4
SL,89.2,-2.89,3.07
SL,89.2,-4.84,-0.06
SL,89.2,-3.613,0.545
SL,89.2,-1.955,3.502
SL,89.2,-4.47,5.64
SL,89.2,-3.08,1.66
SL,89.2,-1.41,5.22
SL,89.2,-2.74,4.97
SL,89.2,-1.215,3.232
SL,89.2,-2.8,2.91
SL,89.1,-5.953,1.132
SL,89.1,-1.801,3.901
SL,89.1,-0.767,4.902
SL,89.1,-1.42,1.99
SL,89.1,-1.95,2.14
SL,89.1,-2.04,4.53
SL,89.1,-4.21,3.39
SL,89.1,-0.79,2.54
SL,89.1,0.56,1.97
SL,89.1,0.56,1.97
SL,89.1,-3,3.67
SL,89.1,-1.557,2.576
SL,89.1,-3.11,4.07
SL,89,-2.41,4.19
SL,89,-3.41,4.82
SL,89,-4.37,1.06
SL,89,-2.34,-0.52
SL,89,-2.04,2.9
SL,89,-0.74,2.14
SL,89,-3.92,5.154
SL,89,-1.31,3.7
SL,89,-2.99,2.85
SL,89,-1.75,3.74
SL,89,-1.02,6.69
SL,89,-1.56,5.62
CH,89,6.85,8.55
SL,89,-1.17,5.02
SL,89,0.24,6.51
SL,89,0.017,2.322
SL,89,-0.92,4.16
SL,89,-2.61,2.58
SL,89,-3.22,0.46
SL,88.9,-2.5,4.79
SL,88.9,-1.15,3.27
SL,88.9,-0.5,6.46
SL,88.9,-2.43,7.03
SL,88.9,1.15,5.72
SL,88.9,-2.839,8.696
SL,88.9,-0.82,3.72
SL,88.9,0.72,6.71
CH,88.9,3.92,6.35
SL,88.9,-1.89,3.4
SL,88.9,-0.61,6.84
SL,88.9,-2.7,2.17
SL,88.9,-1.918,3.981
SL,88.9,-2.095,7.322
SL,88.9,-2.234,7.386
SL,88.8,-2.21,3.66
SL,88.8,-1.19,3.77
SL,88.8,-2.73,3.12
SL,88.8,-4.21,2.75
SL,88.8,-2.27,4.23
SL,88.8,-3.84,0.12
SL,88.8,-5.184,3.195
SL,88.8,-2.35,3.32
SL,88.8,-0.94,3.04
SL,88.8,-3.887,3.424
SL,88.8,-0.514,5.745
SL,88.8,-2.74,3.87
SL,88.8,-2.89,0.83
SL,88.8,-4.16,-1.35
SL,88.8,-0.911,4.013
SL,88.8,-4.17,3.35
SL,88.8,-2.85,4.18
CH,88.8,6.777,8.907
SL,88.8,-2.96,2.73
SL,88.8,-0.69,3.11
SL,88.7,-3.41,-0.36
SL,88.7,-2.66,1.76
CH,88.7,3.87,6.34
SL,88.7,-2.724,2.487
SL,88.7,-2.72,2.49
SL,88.7,0.117,7.366
SL,88.7,-3.18,4.32
SL,88.7,-1.31,3.93
SL,88.7,-2.79,3.5
SL,88.7,1.076,3.62
SL,88.7,-0.614,3.698
SL,88.7,-2.706,3.719
SL,88.7,-2.817,10.931
SL,88.7,-3.5,1.9
SL,88.7,-2.25,6.8
SL,88.6,-1.77,4.57
SL,88.6,-0.602,4.395
SL,88.6,-1.87,6.73
SL,88.6,-3.32,5.72
SL,88.6,-0.96,5.28
SL,88.6,-1.5,6.83
SL,88.6,-1.65,2.97
SL,88.6,-4.64,-1.04
SL,88.6,-1.46,4.88
SL,88.6,-1.08,6.32
SL,88.6,-2.36,3.76
SL,88.6,-1.19,5.08
SL,88.6,-3.45,4.85
SL,88.6,-1.24,4.99
SL,88.6,-4.62,2.4
SL,88.6,0.53,1.06
SL,88.6,-3.514,1.722
SL,88.6,-3.934,0.813
SL,88.6,-4.88,1.14
SL,88.6,-2.94,-0.55
SL,88.5,-4.05,5.67
SL,88.5,-1.49,5.88
SL,88.5,-2.59,3.11
SL,88.5,-0.88,1.82
SL,88.5,1.6,3.42
SL,88.5,-3.91,2.73
SL,88.5,-5.53,1.05
SL,88.5,-2.26,4.98
SL,88.5,-0.8,5.62
SL,88.5,-1.6,3.47
SL,88.5,-1.28,2.83
SL,88.5,-3.19,2.28
SL,88.5,0.543,1.788
SL,88.5,-3.26,3.71
SL,88.5,0.957,5.251
SL,88.5,-4.52,2.97
SL,88.5,-2.67,0.77
SL,88.5,-2.07,4.18
SL,88.4,-1.4,4.11
SL,88.4,-4.33,2.42
SL,88.4,-1.65,7.43
SL,88.4,-2.28,3.4
SL,88.4,-2.6,2.58
SL,88.4,-3.72,0.7
SL,88.4,-2.87,0.67
SL,88.4,1.15,5.85
SL,88.4,0.948,5.782
SL,88.4,-2.036,3.006
SL,88.4,-2.447,4.887
SL,88.4,0.59,7.149
SL,88.4,-0.269,5.119
SL,88.4,-1.643,3.775
SL,88.4,-4.36,2.86
SL,88.4,-1.56,5.27
SL,88.4,-1.63,4.16
SL,88.4,-2.22,1.5
SL,88.4,-3.24,2.95
SL,88.4,0.511,2.382
SL,88.4,-0.77,4.83
SL,88.4,-1.95,1.7
SL,88.4,-0.45,4.83
SL,88.4,-2.74,0.47
SL,88.4,-4.52,0.2
SL,88.3,0.65,5.61
SL,88.3,-1.63,5.96
SL,88.3,-1.73,2.8
SL,88.3,-3.15,2.01
SL,88.3,-0.68,2.7
SL,88.3,-0.51,2.777
SL,88.3,-1.224,4.93
SL,88.3,-0.282,5.556
SL,88.3,-2.57,1.66
SL,88.3,-0.18,5.56
SL,88.3,-1.52,3.57
SL,88.3,-0.168,1.337
SL,88.3,-2.36,1.8
SL,88.3,-3.327,2.873
SL,88.3,-2.01,5.39
SL,88.3,-2.455,5.548
SL,88.3,-2.297,4.345
SL,88.3,-4.97,0.54
SL,88.3,-3.81,0.51
SL,88.3,-3.26,4.68
SL,88.3,-3.12,2.37
SL,88.2,-2.95,4.69
SL,88.2,-3.51,2.17
SL,88.2,-3.69,6.2
SL,88.2,-4.34,1.25
SL,88.2,-4.25,1.61
SL,88.2,-3.297,2.587
SL,88.2,-1.527,2.796
SL,88.2,-2.48,3.55
SL,88.2,-2.86,3.16
SL,88.2,-0.52,2.36
SL,88.2,-0.7,3.71
SL,88.2,-2.14,4.48
SL,88.2,-0.8,6.19
SL,88.2,0.19,5.62
SL,88.2,-0.96,4.26
SL,88.2,-5,-0.21
SL,88.2,-1.78,1.38
SL,88.2,-2.96,3.31
SL,88.2,-1.44,5.68
SL,88.2,-3.97,3.19
SL,88.2,-4.55,8.84
SL,88.1,-2.15,1.92
SL,88.1,-2.26,3.21
SL,88.1,-1.91,3.28
SL,88.1,-1.53,6.59
SL,88.1,-1.86,1.38
SL,88.1,-1.97,2.2
SL,88.1,0.848,2.129
SL,88.1,0.915,6.736
SL,88.1,-4.24,2.99
SL,88.1,-3.03,1.12
SL,88.1,-2.39,1.41
SL,88.1,-3.04,2.93
CH,88.1,5.64,8.19
SL,88.1,-2.7,2.11
SL,88.1,-1.88,3.95
SL,88,-0.95,3.73
SL,88,-2.18,4.58
SL,88,-1.92,1.52
SL,88,-0.544,3.371
SL,88,-0.65,8.22
SL,88,-1.115,2.042
SL,88,-3.66,0.79
SL,88,-1.75,-0.42
SL,88,-2.89,1.98
SL,88,-4.99,1.18
SL,88,-3.6,4.21
SL,88,-3.04,5.3
SL,88,-1.27,3.27
SL,88,-2.79,3.22
SL,88,-1.24,2.2
SL,88,-0.2,4.5
SL,88,-2.45,6.42
SL,88,-1.206,6.82
SL,88,-3.538,5.972
SL,88,-4.733,1.019
SL,88,-0.1,3.46
SL,87.9,-2.68,3.8
SL,87.9,-2.22,4.38
SL,87.9,-2.93,2.47
SL,87.9,-4.3,0.29
SL,87.9,1.34,3.65
SL,87.9,-1.687,4.978
CH,87.9,5.202,9.708
SL,87.9,-1.823,1.511
SL,87.9,-0.675,3.934
SL,87.9,1.2,5.46
SL,87.9,-4.44,1.33
SL,87.9,-1.67,5.32
SL,87.9,-1.72,2.16
SL,87.9,-2.63,7.01
SL,87.9,-3.22,1.01
SL,87.9,-0.54,5
SL,87.9,-3.76,2.49
SL,87.9,-0.709,2.622
SL,87.9,-3.916,1.2
SL,87.9,-1.176,2.32
SL,87.9,-3.799,1.845
SL,87.9,-3.131,7.599
SL,87.9,-2.59,2.05
SL,87.9,-2.889,3.96
SL,87.9,-1.61,2.42
SL,87.9,-2.5,5.14
SL,87.8,-2.13,4.99
SL,87.8,-5.84,2.2
SL,87.8,-3.93,0
SL,87.8,-2.23,4.5
SL,87.8,-2.22,5.21
SL,87.8,-2.58,1.56
SL,87.8,0.57,3.65
SL,87.8,1.23,3.83
SL,87.8,0.75,1.92
SL,87.8,0.98,0.908
SL,87.8,-3.28,3.567
SL,87.8,-4.12,2.69
SL,87.8,-1.71,3.7
SL,87.8,-1.2,3.76
SL,87.8,-1.95,1.41
SL,87.8,-2.9,3.26
SL,87.8,-0.49,3.284
SL,87.8,-0.221,-0.706
SL,87.8,-3.88,4.43
SL,87.8,-4.396,-1.122
SL,87.8,-3.703,3.037
SL,87.8,-2.23,4.13
SL,87.8,-4.78,0.71
SL,87.8,-3.05,2.23
SL,87.8,-1.926,2.416
SL,87.8,-2.85,7.83
SL,87.8,-0.87,4.12
SL,87.8,-3.8,-1.23
SL,87.7,-0.49,3.42
SL,87.7,-2.65,4.44
SL,87.7,-2.45,5.14
SL,87.7,-2.98,3.96
SL,87.7,-1.67,1.89
CH,87.7,4.07,3.41
SL,87.7,-1.08,2.55
SL,87.7,-1.877,1.873
SL,87.7,-1.201,2.611
SL,87.7,-4.51,5.01
SL,87.7,-1.5,2.66
SL,87.7,-0.82,4.1
SL,87.7,-4.9,1.53
SL,87.7,-0.714,2.489
SL,87.7,-0.972,2.467
SL,87.7,-0.972,2.467
SL,87.7,-3.41,-0.2
SL,87.7,-2.89,2.98
SL,87.7,-2.912,3.023
SL,87.7,-1.89,6.66
SL,87.7,-1.77,2.88
SL,87.7,-0.98,1.78
SL,87.7,-4.004,9.793
SL,87.7,-2.421,4.484
SL,87.7,-0.93,3.78
SL,87.7,-0.96,6.26
SL,87.7,-3.24,1.59
SL,87.7,-4.54,2.64
SL,87.7,-4.198,1.687
SL,87.7,-1.993,6.163
CH,87.7,5.1,9.14
SL,87.7,-3.31,6.83
SL,87.6,-1.26,4.31
SL,87.6,-3.37,2.34
SL,87.6,-1.6,0.33
SL,87.6,-2.11,5.4
SL,87.6,-1.38,4.5
SL,87.6,-0.934,4.041
SL,87.6,-4.63,5.62
SL,87.6,-1.5,2.89
SL,87.6,0.14,1.2
SL,87.6,0.97,1.64
SL,87.6,-0.71,1.21
SL,87.6,-2.04,6.01
SL,87.6,-1,5.47
SL,87.6,-1.85,0.85
SL,87.6,0.266,2.066
SL,87.6,0.186,2.33
SL,87.6,-1.773,4.417
SL,87.6,-1.5,4.35
SL,87.6,-1.99,4.628
SL,87.6,-1.3,1.78
SL,87.6,-2.31,2.71
SL,87.6,-1.27,1.26
SL,87.6,-2.47,2.77
SL,87.6,-1.14,4.37
SL,87.5,-2.05,3.88
SL,87.5,0.779,7.004
SL,87.5,0.39,2.59
SL,87.5,-1.685,3.456
SL,87.5,-3.62,-0.67
SL,87.5,-2.81,2.14
SL,87.5,-0.09,6.31
SL,87.5,-3.09,2.19
SL,87.5,-0.51,4.77
SL,87.5,-0.17,5.92
SL,87.5,-2.56,5
SL,87.5,-3.3,1.1
SL,87.5,-2.79,-2.37
SL,87.5,-3.04,3.68
SL,87.5,-0.43,5.86
SL,87.5,-0.55,4.28
SL,87.5,-4.19,3.56
SL,87.5,-2.73,2.72
SL,87.5,-0.91,4.41
SL,87.5,-1.616,2.502
SL,87.5,-2.75,1.514
SL,87.5,-2.31,5.74
SL,87.5,-1.52,5
SL,87.5,-4.5,4.84
CH,87.4,4.29,10.87
SL,87.4,-3.97,3.3
SL,87.4,-2.97,1.73
SL,87.4,-2.88,3.72
SL,87.4,0.36,3.93
SL,87.4,0.117,3.145
SL,87.4,-2.41,2.21
SL,87.4,-1.77,2.01
SL,87.4,-1.77,2.01
SL,87.4,0.07,2.13
SL,87.4,0.07,2.13
SL,87.4,-0.2,0.41
SL,87.4,-2.13,2.05
SL,87.4,-1.99,0.41
SL,87.4,-2.57,7.79
SL,87.4,-1.64,5.46
SL,87.4,-2.299,2.117
SL,87.4,-1.005,3.228
SL,87.4,-1.005,3.228
SL,87.4,-3.24,2.42
SL,87.4,-3.015,1.106
SL,87.4,-2.86,3.02
SL,87.3,-1.76,4.76
SL,87.3,-2.9,2.5
SL,87.3,-0.48,1.42
SL,87.3,-2.29,5.19
SL,87.3,-3.55,3.216
SL,87.3,-5.9,2.9
SL,87.3,2.11,4.07
SL,87.3,-2.82,-1.39
SL,87.3,-3.27,0.66
SL,87.3,-2.56,1.4
SL,87.3,-2.62,-1.64
SL,87.3,-2.34,1.98
SL,87.3,-1.11,-0.57
SL,87.3,-1.82,2.19
SL,87.3,-1.67,2.149
SL,87.3,-1.54,4.57
SL,87.3,0.51,3.59
SL,87.3,-2.06,3.05
SL,87.3,-2.13,-0.42
SL,87.3,-2.753,3.463
CH,87.3,6.63,7.99
SL,87.3,-6.16,-0.8
SL,87.2,0.76,2.9
SL,87.2,1.13,2.24
SL,87.2,1.69,4.8
SL,87.2,-0.604,6.473
SL,87.2,-2.16,1.62
SL,87.2,-5.27,0.72
SL,87.2,-1.56,6.3
SL,87.2,0.32,3.9
SL,87.2,-0.9,6.96
SL,87.2,-4.98,2.08
SL,87.2,-1.127,2.741
SL,87.2,-1.127,2.741
SL,87.2,-3.4,2.78
SL,87.2,-3.24,4.76
SL,87.2,-1.78,0.39
SL,87.2,-4.37,2.91
SL,87.1,-6.64,3.47
SL,87.1,2.54,5.77
SL,87.1,0.486,5.381
SL,87.1,0.58,0.92
SL,87.1,-0.16,2.99
SL,87.1,-3.08,5.73
SL,87.1,-0.4,3.7
SL,87.1,-1.176,5.293
SL,87.1,-1.176,5.293
SL,87.1,-1.62,2.82
SL,87.1,-0.84,5.45
SL,87.1,-3.273,1.144
SL,87.1,-3.636,3.675
SL,87.1,-1.59,4.82
SL,87.1,-3.36,3.14
SL,87.1,-4.17,0.71
CH,87.1,6.15,11.19
CH,87.1,6.311,12.265
SL,87.1,-1.984,3.317
SL,87.1,-3.15,6.01
SL,87.1,-2.23,2.09
SL,87.1,-2.61,6.62
SL,87,-1.69,4.93
SL,87,-1.63,3.62
SL,87,-1.36,5.95
SL,87,-5.07,0.33
SL,87,-2.28,1.01
SL,87,-0.71,1.93
SL,87,1.37,2.67
SL,87,-0.86,1.549
SL,87,-3.706,1.301
SL,87,-0.73,2.46
SL,87,-0.733,2.462
SL,87,-5.11,1.77
SL,87,-1.5,3.79
SL,87,-4.45,1.25
CH,87,3.292,6.292
CH,87,3.292,6.292
SL,87,-1.9,1.73
SL,87,-1.31,3.96
SL,87,-3.5,3.78
SL,87,-2.6,3.13
SL,87,-2.82,7.26
SL,87,-3.43,3.45
SL,87,-4.473,3.339
SL,87,-1.1,7
SL,87,-4.18,0.96
SL,87,-3.72,7.06
SL,86.9,-5.38,0.61
SL,86.9,-0.16,1.85
SL,86.9,-0.603,5.15
SL,86.9,-3.64,1.02
SL,86.9,-3.37,4.52
SL,86.9,-4.02,4.63
SL,86.9,-2.76,0.07
SL,86.9,-4.6,-0.75
SL,86.9,-3.08,1.23
SL,86.9,-3.231,-0.074
SL,86.9,-1.4,3.6
SL,86.9,-3.255,8.991
SL,86.9,-6.357,3.839
SL,86.9,-3.36,2.48
SL,86.9,-1.97,0.09
SL,86.9,-5.27,0.19
SL,86.9,-2.952,4.578
SL,86.9,-3.032,5.669
SL,86.9,-4.27,1.41
SL,86.9,-4.37,0.2
SL,86.9,-4.1,2.34
SL,86.9,-1.94,2.38
SL,86.8,-2.65,2.54
SL,86.8,-1.91,3.66
SL,86.8,0.75,4.22
SL,86.8,-2.384,0.935
SL,86.8,-2.466,-0.063
SL,86.8,-1.746,1.895
SL,86.8,-3.39,2.11
SL,86.8,-2.47,4.12
SL,86.8,-3.01,0.91
SL,86.8,-2.94,4.82
SL,86.8,-3.62,1.98
SL,86.8,-2.16,-0.63
SL,86.8,-2.596,2.489
SL,86.8,-3.19,3
SL,86.8,-1.88,3.2
SL,86.8,-3.68,0.83
SL,86.8,-2.69,-0.3
SL,86.7,-4.18,2.98
SL,86.7,-1.927,0.496
SL,86.7,-2.691,3.512
SL,86.7,-2.89,-0.22
SL,86.7,-2.38,2.54
SL,86.7,-2.23,3.46
CH,86.7,6.62,9.66
SL,86.7,-2.89,1.97
SL,86.7,-4.35,2.13
SL,86.7,-2.853,-0.281
SL,86.7,-4.15,4.66
SL,86.7,-2.68,4.2
SL,86.6,-3.27,0.88
SL,86.6,0.76,0.36
SL,86.6,-0.93,1.95
SL,86.6,-5.37,0.99
SL,86.6,-1.29,2.52
SL,86.6,-3.79,8.1
SL,86.6,0.34,5.95
SL,86.6,-1.66,4.6
SL,86.6,-2.79,2.95
SL,86.6,-4.658,3.155
SL,86.6,-1.9,1.06
SL,86.5,-1.66,3.95
SL,86.5,-3.62,0.65
SL,86.5,-0.04,6.53
SL,86.5,-0.22,3.15
SL,86.5,-5.17,3.54
SL,86.5,-2.31,2.01
SL,86.5,-2.02,4.53
SL,86.5,-3.47,2.71
SL,86.5,-3.85,3.57
SL,86.5,-4.32,1.1
SL,86.5,-2.62,1.97
SL,86.5,-3.04,-0.17
SL,86.5,-2.43,2.97
SL,86.5,-1.231,6.441
SL,86.5,-4.504,4.207
SL,86.5,-4.44,1.15
SL,86.5,-2.001,6.751
SL,86.5,-5.17,-0.61
SL,86.5,-0.67,1.08
SL,86.5,-6.7,-0.18
SL,86.5,-1.6,4.23
CH,86.4,3.73,6.54
SL,86.4,-2.457,1.841
SL,86.4,-4.12,-0.1
SL,86.4,-4.13,1.81
SL,86.4,-1.159,0.442
SL,86.4,-3.24,1.33
SL,86.4,-5.524,5.811
SL,86.4,-1.11,5.85
SL,86.4,-2.95,1.32
SL,86.4,-4.24,1.1
SL,86.4,-3.56,2.62
SL,86.4,-2.92,7.9
SL,86.3,1.26,3.61
SL,86.3,-3.58,1.57
SL,86.3,-3.35,0.73
SL,86.3,-2.94,1.45
SL,86.3,-2.95,4.145
SL,86.3,-2.04,3.42
SL,86.3,-2.26,1.83
SL,86.3,-2.02,6.15
SL,86.3,-1.21,2.6
SL,86.3,-4.86,3.74
SL,86.3,-3.87,0.42
SL,86.3,-3.93,2.05
SL,86.3,-2.58,0.53
SL,86.2,-3.25,2.79
SL,86.2,0.79,4.01
SL,86.2,-1.694,2.96
SL,86.2,-0.52,2.456
SL,86.2,-1.7,1.88
SL,86.2,-1.705,1.875
SL,86.2,-0.841,5.974
SL,86.2,-2.74,3.96
SL,86.2,-4.88,-0.21
SL,86.2,-2.44,0.8
SL,86.2,-1.27,1.74
SL,86.2,-0.822,4.224
SL,86.2,-0.3,3.48
SL,86.1,-0.65,5.95
SL,86.1,3.849,8.842
SL,86.1,-0.281,1.75
SL,86.1,-0.281,1.75
SL,86.1,-1.61,3.52
SL,86.1,-2.39,0.5
SL,86.1,-2.9,1.55
SL,86.1,-1.74,4.85
SL,86.1,-3.63,2.45
SL,86.1,-2.483,2.442
SL,86.1,-0.78,3.15
SL,86,-3.82,2.87
SL,86,-1.04,3
SL,86,0.01,1.74
SL,86,0.95,0.81
SL,86,-2.91,0.139
SL,86,-5.09,1.11
SL,86,-5,1.79
SL,86,-3.41,3.87
SL,86,-4.14,2.85
SL,86,0.071,1.459
SL,86,-0.12,5.11
SL,86,-4.26,1.5
SL,86,-3.13,1.36
SL,85.9,-1.09,5.25
SL,85.9,-2.68,0.91
SL,85.9,-4.24,2.43
SL,85.9,-0.207,-0.161
SL,85.9,-0.897,4.532
SL,85.9,-0.897,4.532
SL,85.9,-0.987,-1.051
SL,85.9,-0.987,-1.051
SL,85.9,-5.215,6.223
SL,85.9,-1.436,8.061
SL,85.9,-4.642,0.9
SL,85.9,-3.98,0.89
SL,85.9,-2.32,4.57
SL,85.8,-0.728,6.679
SL,85.8,-5,1.8
SL,85.8,-2.6,1.74
SL,85.8,-0.8,2.01
SL,85.8,-5.27,3.31
SL,85.7,1.06,6.92
SL,85.7,-1.98,2.39
SL,85.7,-3.42,1.98
SL,85.7,-0.87,1.88
SL,85.7,-1.55,3.05
SL,85.7,-5.41,-1.71
SL,85.6,-3.32,5.4
SL,85.6,-1.88,5.81
SL,85.6,-2.42,2.24
SL,85.6,-2.87,3.08
SL,85.6,-3.095,3.584
SL,85.6,-3.776,2.782
SL,85.6,-1.692,5.714
SL,85.6,-3.49,0.89
SL,85.6,-3.807,2.102
SL,85.5,-4.54,3.75
SL,85.5,-3.104,1.614
SL,85.5,-2.181,3.988
SL,85.5,-4.13,-0.61
SL,85.5,-1.88,3.46
SL,85.5,-1.57,0.13
SL,85.5,-4.41,1.99
SL,85.5,-1.18,4.97
SL,85.4,-4.448,2.57
SL,85.4,-2.85,3.93
SL,85.4,-2.22,5.16
SL,85.4,-2.834,7.487
SL,85.4,-3.67,5.04
SL,85.3,-1.54,2.63
SL,85.3,-3.05,2.18
SL,85.3,-2.16,-0.32
CH,85.3,6.97,6.83
SL,85.3,-3.77,1.64
SL,85.3,-5.26,-2.15
SL,85.3,-5.82,-2.55
SL,85.2,-2.68,1.47
SL,85.2,-2.87,2.56
SL,85.2,-3.32,4.91
SL,85.2,-2.49,5.7
SL,85.2,-5,-1.32
SL,85.2,-2.75,0.01
SL,85.2,-1.82,3.33
SL,85.1,-1.255,-1.135
SL,85.1,-4.51,3.06
SL,85.1,-2.64,-0.09
SL,85.1,-2.66,0.58
SL,85.1,-4.01,-0.09
SL,85.1,-4.38,3.75
SL,85.1,-2.746,1.795
SL,85.1,0.49,7.06
SL,85.1,-2.91,0.36
SL,85,-1.69,2.94
SL,85,-4.19,-0.73
SL,85,-1.13,5.03
SL,85,-3.641,2.998
SL,85,-2.716,1.711
SL,84.9,-1.21,1.42
SL,84.9,-2.61,0.85
SL,84.9,-3.39,-2
SL,84.7,-0.8,4.19
SL,84.7,-3.7,1.15
SL,84.7,-2.64,-0.26
SL,84.7,-4.16,-4.7
SL,84.7,-2.421,0.532
SL,84.6,-0.68,6.42
SL,84.5,-2.1,4.95
SL,84.5,-2.09,-1.95
SL,84.5,-3.12,0
SL,84.4,-3.12,-1.41
SL,84.4,-3.93,-0.82
SL,84.4,-5.11,1.98
SL,84.3,-2.19,2.43
SL,84.3,-3.94,1.3
SL,84.2,-1.649,1.862
SL,84.1,-0.326,-1.302
SL,84.1,-2.34,3.01
SL,84.1,-6.21,-3.36
SL,83.9,-2.99,0.95
SL,83.9,-5.71,2.62
SL,83.9,-3.537,1.27
SL,83.6,-3.12,3.26
CU,83.4,0.12,2.11
SL,83.4,-1.63,-1.88
SL,82.8,-5.334,3.404
CU,76.3,-0.51,-9.4
CU,76.1,0.62,-7.83
CU,76,0.84,-10.41
CU,75.9,-1.66,-9.14
CU,75.9,-2.314,-10.095
CU,75.9,-5.733,-14.219
CU,75.8,0.75,-8.95
CU,75.7,-0.86,-9.58
CU,75.7,-0.97,-11.12
CU,75.6,-0.37,-10.56
CU,75.6,-0.82,-11.64
CU,75.6,-1.06,-8.93
CU,75.5,-1.3,-7.48
CU,75.5,-0.66,-9.99
CU,75.4,0.52,-9.54
CU,75.4,-0.87,-4.31
CU,75.4,-1.16,-10.21
CU,75.3,-0.028,-9.313
CU,75.3,-2.49,-9.7
CU,75.2,-1.26,-10.27
CU,75.2,-1.19,-8.84
CU,75.2,0.75,-9.51
CU,75.2,-0.2,-8.78
CU,75.2,-0.5,-5.82
CU,75.2,0.3,-10.16
CU,75.1,-2.73,-11.71
CU,75.1,0.81,-9.05
CU,75.1,1.2,-10.99
CU,75.1,1.08,-5.19
CU,75.1,-2.11,-7.99
CU,75.1,-1.19,-10.77
CU,75.1,-0.937,-11.241
CU,75.1,-2.99,-10.09
CU,75.1,-0.43,-12.79
CU,75,0.654,-8.139
CU,75,-1.51,-12.95
CU,75,-0.54,-10.2
CU,75,-2.6,-10.61
CU,75,0.22,-11.89
CU,75,-4.09,-11.25
CU,75,0.265,-8.902
CU,75,2.08,-7.31
CU,74.9,-0.67,-10.54
CU,74.9,-1.766,-6.884
CU,74.9,0.705,-7.614
CU,74.9,0.329,-9.845
CU,74.9,-1.96,-12.96
CU,74.9,-0.46,-12.24
CU,74.9,2.2,-8.81
CU,74.9,-0.206,-11.128
CU,74.9,0.65,-10.67
CU,74.9,-3.138,-9.128
CU,74.9,0.927,-9.594
CU,74.9,-1.99,-10.88
CU,74.8,-0.89,-10.46
CU,74.8,-1.99,-9.65
CU,74.8,-2.664,-8.909
CU,74.8,-1.941,-9.203
CU,74.8,-2.28,-11.38
CU,74.8,-0.65,-9.98
CU,74.8,-0.09,-10.36
CU,74.8,-1.499,-11.4
CU,74.8,-0.82,-10.25
CU,74.7,-2.61,-10.55
CU,74.7,-0.88,-10.74
CU,74.7,1.35,-8.01
CU,74.7,-1.36,-8.73
CU,74.7,0.254,-9.169
CU,74.7,-1.19,-11.14
CU,74.7,1.59,-10.39
CU,74.7,1.64,-8.59
CU,74.7,-0.81,-8.52
CU,74.7,-3.03,-10.68
CU,74.7,-0.35,-9.19
CU,74.7,-3.17,-12.34
CU,74.6,-1.33,-11.07
CU,74.6,0.23,-10.07
CU,74.6,-2.997,-11.187
CU,74.6,-1.986,-11.722
CU,74.6,-0.79,-9.51
CU,74.6,-1.016,-10.981
CU,74.6,-1.91,-8.89
CU,74.6,1.7,-7.78
CU,74.6,-2.619,-13.171
CU,74.6,-0.94,-12.06
CU,74.6,-1.089,-10.892
CU,74.6,-2.242,-10.303
CU,74.6,-0.71,-12.27
CU,74.6,-2.11,-6.84
CU,74.6,-3.25,-11.56
CU,74.5,-2.55,-10.34
CU,74.5,-1.16,-10.02
CU,74.5,-1.22,-8.97
CU,74.5,-3.31,-7.26
CU,74.5,-0.75,-9.63
CU,74.5,2.49,-10.75
CU,74.5,0.253,-9.735
CU,74.5,1.06,-11.65
CU,74.5,-0.5,-10.46
CU,74.5,-0.95,-13.61
CU,74.5,0.25,-10.24
CU,74.5,0.25,-10.24
CU,74.5,0.29,-9.72
CU,74.5,0.19,-10.71
CU,74.5,-2.36,-6.77
CU,74.5,-0.15,-8.23
CU,74.5,-2.22,-11.21
CU,74.5,-1.86,-12.88
CU,74.4,-1.85,-12.27
CU,74.4,-1.58,-10.73
CU,74.4,-2.402,-9.051
CU,74.4,-0.92,-13.98
CU,74.4,-1.58,-9.17
CU,74.4,-1.7,-9.75
CU,74.4,0.81,-6.99
CU,74.4,0.64,-11.22
CU,74.3,-0.69,-10.01
CU,74.3,-0.94,-8.11
CU,74.3,-2.83,-9.12
CU,74.3,-0.41,-8.53
CU,74.3,-1.89,-7.05
CU,74.3,-2.29,-10.65
CU,74.3,-2.15,-9.58
CU,74.3,-1.4,-8.79
CU,74.3,-0.89,-7.64
CU,74.3,3.374,-12.371
CU,74.3,0.71,-10.21
CU,74.3,-0.69,-10.9
CU,74.3,-2.85,-7.43
CU,74.2,0.17,-9.81
CU,74.2,-2.55,-9.03
CU,74.2,-0.85,-10.38
CU,74.2,-1.65,-9.04
CU,74.2,-1.41,-8.027
CU,74.2,0.926,-8.665
CU,74.2,-1.38,-9.24
CU,74.2,-0.48,-9.14
CU,74.2,-0.96,-8.26
CU,74.2,-0.059,-9.357
CU,74.2,-0.138,-11.028
CU,74.2,-2.86,-6.91
CU,74.1,-4.25,-9.73
CU,74.1,-2.72,-10.26
CU,74.1,0.94,-8.23
CU,74.1,-1.5,-9.11
CU,74.1,-3.32,-10.73
CU,74.1,2.16,-11.1
CU,74.1,-2.473,-9.666
CU,74.1,-3.78,-11.38
CU,74.1,-0.23,-13.01
CU,74.1,1.52,-11.41
CU,74.1,-0.75,-11.59
CU,74.1,-0.6,-9.82
CU,74.1,-1.62,-9.33
CU,74.1,-1.51,-10.48
CU,74.1,-2.65,-11.63
CU,74.1,-1.1,-11.35
CU,74.1,1.74,-10.57
CU,74.1,-1.11,-9.1
CU,74.1,1.722,-11.727
CU,74.1,-0.51,-9.13
CU,74.1,-1.8,-10.39
CU,74.1,-1.81,-11.69
CU,74.1,1.07,-12.57
CU,74,-1.04,-10.87
CU,74,-3.46,-9.4
CU,74,-1.75,-11.24
CU,74,-2.08,-10.7
CU,74,-3.21,-10.31
CU,74,-1.79,-8.18
CU,74,0.08,-10.83
CU,74,-0.266,-9.879
CU,74,-0.302,-11.924
CU,74,-1.4,-9.834
CU,74,0.319,-10.278
CU,74,-0.227,-9.031
CU,74,-1.55,-7.52
CU,74,0.98,-8.41
CU,74,1.11,-9.12
CU,74,-1.96,-8.98
CU,74,1.186,-10.641
CU,74,3.005,-10.406
CU,74,2.136,-12.286
CU,74,-0.52,-9.98
CU,74,-0.52,-10.72
CU,74,-1.778,-12.841
CU,74,-0.055,-6.774
CU,74,0.03,-7.96
CU,74,-4.004,-12.646
CU,74,-2.58,-11.66
CU,74,-0.27,-11.25
CU,74,-1.56,-12.62
CU,73.9,-1.03,-9.96
CU,73.9,-2.38,-11.35
CU,73.9,-1.11,-9.26
CU,73.9,1.9,-10.08
CU,73.9,-2.378,-10.685
CU,73.9,-3.247,-9.938
CU,73.9,0.24,-9.99
CU,73.9,-1.29,-8.51
CU,73.9,-0.31,-11.02
CU,73.9,0.2,-9.64
CU,73.9,-0.7,-6.53
CU,73.9,-3.13,-12.08
CU,73.9,-3.03,-11.66
CU,73.9,1.45,-10.59
CU,73.9,-0.204,-10.612
CU,73.9,-0.79,-6.759
CU,73.9,-1.645,-7.477
CU,73.9,-2.44,-8.5
CU,73.9,-2.72,-9.51
CU,73.9,0.53,-11.98
CU,73.9,-2.77,-13.57
CU,73.9,-0.16,-14.99
CU,73.9,-3.71,-9.3
CU,73.9,-1.51,-10.79
CU,73.9,-1.51,-8.51
CU,73.9,-1.28,-7.8
CU,73.9,-1.97,-11.25
CU,73.9,-2.72,-8.25
CU,73.9,0.3,-9.67
CU,73.9,0.63,-11.05
CU,73.9,-0.22,-12.46
CU,73.9,-2.11,-11.46
CU,73.9,-2.154,-11.922
CU,73.9,-1.59,-12.2
CU,73.9,-2.72,-11.59
CU,73.9,-3.3,-11.37
CU,73.8,-2.56,-10.28
CU,73.8,-2.9,-12.42
CU,73.8,-2.08,-9.57
CU,73.8,-2.119,-8.067
CU,73.8,-2.61,-9.03
CU,73.8,-2.47,-10.54
CU,73.8,1.7,-11.63
CU,73.8,-0.612,-10.465
CU,73.8,0.248,-9.895
CU,73.8,0.06,-12.77
CU,73.8,1.42,-9.72
CU,73.8,-1.98,-9.33
CU,73.8,-0.58,-8.42
CU,73.8,-0.85,-11.67
CU,73.8,-0.25,-7.58
CU,73.8,0.285,-11.97
CU,73.8,0.952,-9.234
CU,73.8,2.788,-10.745
CU,73.8,-0.82,-12.9
CU,73.8,-2.02,-9.92
CU,73.8,-2.76,-7.968
CU,73.8,-0.85,-8.36
CU,73.8,-1.51,-10.71
CU,73.8,-1.49,-9.67
CU,73.8,-1.8,-9.54
CU,73.8,-2.05,-9.02
CU,73.8,-2.83,-10.597
CU,73.8,-2.12,-9.38
CU,73.7,-3.16,-10.63
CU,73.7,-0.88,-10.56
CU,73.7,-0.33,-9.03
CU,73.7,-0.56,-10.37
CU,73.7,-3.84,-10.93
CU,73.7,-1.55,-10.54
CU,73.7,-0.706,-10.002
CU,73.7,-0.67,-10.2
CU,73.7,-3.35,-10.34
CU,73.7,-1.57,-11.06
CU,73.7,-2.285,-9.11
CU,73.7,-0.583,-9.795
CU,73.7,-1.807,-7.265
CU,73.7,-1.53,-14.49
CU,73.7,-0.98,-13.34
CU,73.7,-1.09,-11.71
CU,73.7,0.27,-13.38
CU,73.7,-2.85,-7.8
CU,73.7,-1.28,-8.6
CU,73.7,3.405,-12.252
CU,73.7,-1.88,-7.42
CU,73.7,-1.103,-8.949
CU,73.7,-0.696,-10.174
CU,73.7,-2.754,-9.794
CU,73.7,-2.664,-6.99
CU,73.7,-3.285,-7.8
CU,73.7,0.04,-7.5
CU,73.7,-3.9,-9.23
CU,73.7,1.693,-9.504
CU,73.7,-0.87,-9.904
CU,73.7,-3.29,-9.02
CU,73.6,-3.76,-10.2
CU,73.6,-2.557,-11.04
CU,73.6,-2.642,-8.433
CU,73.6,-1.2,-7.73
CU,73.6,-1.75,-6.28
CU,73.6,-3.18,-7.73
CU,73.6,2.85,-11.13
CU,73.6,0.24,-9.16
CU,73.6,0.237,-9.163
CU,73.6,-0.462,-9.141
CU,73.6,-0.39,-11.66
CU,73.6,-1.6,-11.68
CU,73.6,-0.05,-11.82
CU,73.6,1.128,-13.048
CU,73.6,2.124,-9.967
CU,73.6,-1.22,-12.01
CU,73.6,-2.34,-14.77
CU,73.6,-2.97,-12.44
CU,73.6,-0.11,-8.48
CU,73.6,-1.97,-12.75
CU,73.6,-1.42,-9.88
CU,73.5,-1.85,-10.86
CU,73.5,-1.17,-11.21
CU,73.5,-0.96,-10.61
CU,73.5,2.6,-11.41
CU,73.5,-0.02,-8.584
CU,73.5,-1.551,-9.958
CU,73.5,-1.192,-9.607
CU,73.5,-0.558,-6.021
CU,73.5,-0.111,-10.794
CU,73.5,0.01,-11.74
CU,73.5,-0.31,-11.91
CU,73.5,1.06,-8.92
CU,73.5,-0.26,-10.02
CU,73.5,-1.03,-8.21
CU,73.5,-0.21,-9.97
CU,73.5,-1.16,-11.42
CU,73.5,-0.14,-11.073
CU,73.5,-2.8,-12.01
CU,73.5,-1.1,-11.89
CU,73.5,0.505,-10.893
CU,73.5,1.69,-8
CU,73.5,-2.42,-10.88
CU,73.5,-2.35,-8.87
CU,73.4,-1.73,-11.4
CU,73.4,-2.42,-9.05
CU,73.4,-1.26,-10.82
CU,73.4,-1.3,-8.91
CU,73.4,0.54,-7.04
CU,73.4,-2.384,-11.596
CU,73.4,-1.533,-8.161
CU,73.4,-1.551,-10.237
CU,73.4,-0.917,-10.791
CU,73.4,1.069,-10.415
CU,73.4,-0.26,-12.67
CU,73.4,-3.7,-10.83
CU,73.4,0.42,-10.16
CU,73.4,-2.36,-8.68
CU,73.4,-0.79,-9.15
CU,73.4,2,-11.66
CU,73.4,-2.64,-9.95
CU,73.4,-3.77,-12.91
CU,73.4,0.29,-9.4
CU,73.4,1.22,-8.77
CU,73.4,-0.94,-11.98
CU,73.4,-1.62,-10.5
CU,73.4,1.876,-10.824
CU,73.4,-1.398,-11.654
CU,73.4,-1.398,-11.654
CU,73.4,-0.728,-12.222
CU,73.4,2.61,-6.66
CU,73.4,-2.61,-8.801
CU,73.4,-1.94,-7.63
CU,73.4,-1.77,-11.1
CU,73.4,-3.008,-10.765
CU,73.4,-3.003,-10.601
CU,73.3,-2.44,-9.08
CU,73.3,-1,-9.08
CU,73.3,-2.092,-10.837
CU,73.3,-1.936,-10.628
CU,73.3,-2.796,-10.458
CU,73.3,-3.48,-8.53
CU,73.3,-0.227,-8.552
CU,73.3,-3.88,-11.39
CU,73.3,0.8,-10.5
CU,73.3,-0.39,-10.47
CU,73.3,-1.87,-11.57
CU,73.3,0.33,-9.62
CU,73.3,0.33,-8.4
CU,73.3,-2.98,-9.26
CU,73.3,0.919,-12.51
CU,73.3,-3.862,-9.825
CU,73.3,-0.059,-8.295
CU,73.3,-0.47,-10.52
CU,73.3,-5.34,-11.73
CU,73.3,-2.68,-9.51
CU,73.3,-2.87,-8.56
CU,73.2,-2.29,-9.85
CU,73.2,-0.91,-8.7
CU,73.2,-1.11,-10.84
CU,73.2,-1.48,-10.51
CU,73.2,0.271,-9.553
CU,73.2,0.87,-10.45
CU,73.2,-2.58,-10.37
CU,73.2,2.15,-8.21
CU,73.2,-3.89,-11.44
CU,73.2,-2.61,-8.75
CU,73.2,-0.61,-11.06
CU,73.2,-1.39,-6.7
CU,73.2,-1.92,-8.36
CU,73.2,1.885,-9.926
CU,73.2,0.127,-12.324
CU,73.2,0.44,-12.22
CU,73.2,-2.15,-9.86
CU,73.2,-1.812,-8.997
CU,73.1,-1.53,-11
CU,73.1,-3.12,-11.15
CU,73.1,-2.3,-11.03
CU,73.1,-2.538,-9.07
CU,73.1,-1.33,-9.29
CU,73.1,1.179,-12.493
CU,73.1,-0.385,-10.608
CU,73.1,-3.34,-10.09
CU,73.1,-0.21,-12.67
CU,73.1,-1.19,-10.07
CU,73.1,0.09,-9.96
CU,73.1,-2.26,-9.55
CU,73.1,-1.02,-12.25
CU,73.1,-2.15,-10.44
CU,73.1,-2.8,-12.75
CU,73.1,0.33,-7.27
CU,73.1,-2.93,-9.01
CU,73.1,-1.465,-10.411
CU,73.1,-2.526,-11.001
CU,73.1,-2.13,-10.55
CU,73.1,-1.28,-10.89
CU,73,-1.82,-8.38
CU,73,-2.06,-9.63
CU,73,-0.953,-8.441
CU,73,-1.892,-10.595
CU,73,2.47,-11.23
CU,73,0.776,-8.738
CU,73,0.78,-8.74
CU,73,0.85,-11.98
CU,73,0.852,-11.975
CU,73,0.03,-10.993
CU,73,-2.14,-10.96
CU,73,0.55,-12.36
CU,73,-1.85,-12.88
CU,73,0.18,-9.09
CU,73,-3.75,-10.76
CU,73,-1.15,-11.79
CU,73,1.83,-11.06
CU,73,-0.35,-9.76
CU,73,0.896,-11.847
CU,73,-3.32,-12.02
CU,73,-1.82,-11.29
CU,73,-1.9,-8.28
CU,73,1.549,-12.541
CU,73,-1.51,-9.94
CU,73,0.113,-9.056
CU,73,-2.27,-12.24
CU,73,-2.39,-8.8
CU,72.9,-2.04,-12.46
CU,72.9,-2.05,-11.73
CU,72.9,-2.08,-9.67
CU,72.9,-2.83,-9.8
CU,72.9,1.845,-10.064
CU,72.9,0.741,-10.718
CU,72.9,-1.154,-9.528
CU,72.9,-3.77,-7.85
CU,72.9,-2.33,-12.11
CU,72.9,-2.26,-10.84
CU,72.9,-1.74,-11.37
CU,72.9,-1.17,-12.12
CU,72.9,1.31,-9.97
CU,72.9,-0.16,-8.49
CU,72.9,-2.6,-11.09
CU,72.9,1.774,-12.119
CU,72.9,-0.202,-12.924
CU,72.9,2.033,-11.579
CU,72.9,2.033,-11.579
CU,72.9,-0.89,-11.97
CU,72.9,-4.32,-8.57
CU,72.8,-1.78,-10.32
CU,72.8,-0.94,-11.36
CU,72.8,-0.88,-7.81
CU,72.8,1.2,-13.03
CU,72.8,-2.291,-10.415
CU,72.8,-1.68,-11.43
CU,72.8,-2.33,-10.47
CU,72.8,-1.83,-8.32
CU,72.8,1.02,-9.92
CU,72.8,-3.15,-9.15
CU,72.8,-1.22,-10.91
CU,72.8,-0.17,-8.76
CU,72.8,0.387,-10.886
CU,72.8,-1.927,-11.148
CU,72.8,-0.95,-9.08
CU,72.8,-2.63,-11.139
CU,72.8,-3.408,-9.05
CU,72.8,-0.76,-10.126
CU,72.7,-2.82,-10.36
CU,72.7,-3.2,-7.04
CU,72.7,-0.68,-9.78
CU,72.7,2.32,-11.15
CU,72.7,1.49,-9.83
CU,72.7,-0.033,-10.89
CU,72.7,1.43,-8.85
CU,72.7,1.428,-8.846
CU,72.7,0.362,-8.675
CU,72.7,-0.096,-11.029
CU,72.7,-1.36,-7.35
CU,72.7,-1.27,-10.93
CU,72.7,-4.26,-10.64
CU,72.7,-1.15,-10.61
CU,72.7,1.727,-11.636
CU,72.7,1.98,-8.4
CU,72.7,-1.479,-10.91
CU,72.7,-2.61,-11.79
CU,72.7,-0.895,-9.465
CU,72.7,0.57,-9.21
CU,72.7,-2.36,-8.69
CU,72.7,-1.23,-8.24
CU,72.7,-2.2,-10.44
CU,72.6,-2.51,-12.07
CU,72.6,-2.34,-10.53
CU,72.6,-2.83,-9.93
CU,72.6,-3.59,-10.22
CU,72.6,2.02,-11.22
CU,72.6,0.297,-11.235
CU,72.6,-0.736,-10.608
CU,72.6,0.22,-11.93
CU,72.6,-0.77,-11.73
CU,72.6,-0.21,-10.48
CU,72.6,-3.84,-11.24
CU,72.6,0.52,-10.82
CU,72.6,-2.81,-9.93
CU,72.6,-0.64,-11.5
CU,72.6,-1.63,-12.58
CU,72.6,-2.71,-9.42
CU,72.5,0.303,-11.821
CU,72.5,-2.52,-12.45
CU,72.5,-3.67,-11.01
CU,72.5,-2.06,-9.97
CU,72.5,-0.531,-12.499
CU,72.5,-0.82,-10.1
CU,72.5,-1.141,-8.907
CU,72.5,-0.84,-12.57
CU,72.5,-2.47,-10.56
CU,72.4,-0.03,-10.63
CU,72.4,0.8,-8.57
CU,72.4,-1.39,-10.19
CU,72.4,-3.88,-10.2
CU,72.4,1.28,-9.65
CU,72.4,0.109,-9.341
CU,72.4,-0.251,-10.292
CU,72.4,-0.187,-10.458
CU,72.4,-2.82,-10.23
CU,72.4,-2.33,-13.41
CU,72.4,-0.41,-8.45
CU,72.4,-2.53,-12.8
CU,72.4,-1.71,-10.55
CU,72.4,-1.351,-9.762
CU,72.4,-2.2,-7.743
CU,72.4,1.63,-8.47
CU,72.4,-1.66,-10.39
CU,72.4,-2.62,-8.38
CU,72.3,-1.42,-10.07
CU,72.3,-1.5,-11.31
CU,72.3,1.2,-10.86
CU,72.3,-2.744,-9.463
CU,72.3,-1.21,-9.21
CU,72.3,-0.46,-9.59
CU,72.3,-3.57,-9.65
CU,72.2,-0.956,-12.048
CU,72.2,-0.291,-10.131
CU,72.2,-1.88,-10.31
CU,72.2,-4.14,-11.98
CU,72.2,-1.021,-11.299
CU,72.2,0.039,-10.205
CU,72.2,-1.91,-11.314
CU,72.1,0.7,-10.14
CU,72.1,1.93,-11.8
CU,72.1,-3.3,-11.82
CU,72.1,-1.38,-12
CU,72,-3.2,-10.51
CU,72,-0.64,-11.15
CU,72,0.127,-11.224
CU,72,0.53,-9.885
CU,72,-3.75,-10.42
CU,72,-0.85,-10.76
CU,72,-0.66,-10.28
CU,72,0.18,-11.04
CU,72,-0.33,-10.82
CU,72,-1.47,-10.24
CU,71.8,0.338,-11.515
CU,71.8,-3.27,-8.06
CU,71.8,-4.1,-12
CU,71.8,-1.25,-9.87
CU,71.8,-0.65,-9.13
CU,71.8,-1.14,-10.61
CU,71.8,-1.51,-11.77
CU,71.7,-0.202,-11.467
CU,71.7,-2,-10.11
CU,71.7,-0.29,-11.76
CU,71.7,-1.745,-12.201
CU,71.7,-0.76,-13.54
CU,71.6,-0.64,-12.47
CU,71.6,-3.75,-13.14
CU,71.6,-0.46,-9.85
CU,71.6,-0.93,-11
CU,71.6,4.281,2.651
CU,71.5,-2.19,-11.4
CU,71.5,-1.51,-12.1
CU,71.5,-0.45,-10.28
CU,71.5,-2.72,-12.61
CU,71.5,-2.54,-9.93
CU,71.4,-1.24,-8.12
CU,71.3,-3.38,-12.04
CU,71.3,-2.48,-8.85
CU,71.3,-0.96,-12.07
CU,71.3,0.14,-9.11
CU,71.2,2.34,-11.49
CU,71.2,-0.17,-9.85
CU,71.2,0.02,-12.62
CU,71.2,-1.331,-9.256
CU,71.1,-0.06,-14.321
CU,71.1,-2.11,-11.85
CU,70.9,-0.094,-9.721
CU,70.9,2.357,-9.841
CU,70.9,-3.39,-14.6
CU,70.7,-3.24,-10.11
CU,70.7,0.32,-12.41
CU,70.5,-1.36,-9.67
CU,70.1,-0.85,-9.75
CU,70.1,-1.796,-10.38
CU,61,-3.342,-3.421
